[{"pk": 1, "model": "DataManager.deletedmomend", "fields": {"delete_date": "2013-02-06T20:10:57.111Z", "create_date": "2013-02-06T20:10:57.111Z", "name": "gizem5", "privacy": 0, "play_count": 1, "momend_end_date": "2011-01-01T06:00:00Z", "owner": 3, "momend_start_date": "2010-11-01T05:00:00Z", "thumbnail": null}}, {"pk": 2, "model": "DataManager.deletedmomend", "fields": {"delete_date": "2013-02-06T21:57:44.506Z", "create_date": "2013-02-06T21:57:44.503Z", "name": "gizem", "privacy": 0, "play_count": 1, "momend_end_date": "2013-01-05T06:00:00Z", "owner": 1, "momend_start_date": "2012-12-20T06:00:00Z", "thumbnail": null}}, {"pk": 1, "model": "DataManager.provider", "fields": {"module_name": "", "worker_name": "FacebookProviderWorker", "name": "Facebook", "package_name": "FacebookProvider"}}, {"pk": 2, "model": "DataManager.provider", "fields": {"module_name": "", "worker_name": "TwitterProviderWorker", "name": "Twitter", "package_name": "TwitterProvider"}}, {"pk": 1, "model": "DataManager.coreanimationdata", "fields": {"order_in_group": 1, "pre": "", "anim": "", "group": 1, "name": "duran-appear", "click_animation": null, "waitPrev": true, "triggerNext": true, "delay": "", "used_object_type": "", "target": null, "duration": 1, "force": null, "extended_animation": false, "type": 2, "hover_animation": null, "used_theme_data": 2}}, {"pk": 2, "model": "DataManager.coreanimationdata", "fields": {"order_in_group": 2, "pre": "top:7%,width:7%,height:15%,z-Index:9998", "anim": "top:5%,width:18%,height:37%", "group": 1, "name": "duran pop", "click_animation": null, "waitPrev": true, "triggerNext": true, "delay": "", "used_object_type": "", "target": null, "duration": 200, "force": null, "extended_animation": false, "type": 0, "hover_animation": null, "used_theme_data": 2}}, {"pk": 3, "model": "DataManager.coreanimationdata", "fields": {"order_in_group": 3, "pre": "", "anim": "", "group": 1, "name": "sabri appear", "click_animation": 1, "waitPrev": true, "triggerNext": true, "delay": "", "used_object_type": "", "target": null, "duration": 1, "force": null, "extended_animation": false, "type": 2, "hover_animation": null, "used_theme_data": 3}}, {"pk": 4, "model": "DataManager.coreanimationdata", "fields": {"order_in_group": 4, "pre": "right:2%,top:7%,width:10%,height:15%,z-Index:9999", "anim": "right:0,top:5%,width:20%,height:22%", "group": 1, "name": "sabri pop", "click_animation": null, "waitPrev": true, "triggerNext": true, "delay": "", "used_object_type": "", "target": null, "duration": 200, "force": null, "extended_animation": false, "type": 0, "hover_animation": null, "used_theme_data": 3}}, {"pk": 5, "model": "DataManager.coreanimationdata", "fields": {"order_in_group": 5, "pre": "", "anim": "right:75%", "group": 1, "name": "sabri move", "click_animation": null, "waitPrev": true, "triggerNext": false, "delay": "", "used_object_type": "", "target": null, "duration": 10000, "force": null, "extended_animation": false, "type": 0, "hover_animation": null, "used_theme_data": 3}}, {"pk": 6, "model": "DataManager.coreanimationdata", "fields": {"order_in_group": 6, "pre": "", "anim": "", "group": 1, "name": "finish", "click_animation": null, "waitPrev": false, "triggerNext": true, "delay": "", "used_object_type": "", "target": null, "duration": 800, "force": null, "extended_animation": false, "type": 1, "hover_animation": null, "used_theme_data": null}}, {"pk": 7, "model": "DataManager.coreanimationdata", "fields": {"order_in_group": 1, "pre": "", "anim": "", "group": 2, "name": "car appear", "click_animation": null, "waitPrev": true, "triggerNext": true, "delay": "", "used_object_type": "", "target": null, "duration": 1, "force": null, "extended_animation": false, "type": 2, "hover_animation": null, "used_theme_data": 6}}, {"pk": 8, "model": "DataManager.coreanimationdata", "fields": {"order_in_group": 2, "pre": "right:-{{OBJECT_WIDTH}},top:50%,height:11%,width:30%,z-Index:9999", "anim": "right:100%", "group": 2, "name": "car move", "click_animation": null, "waitPrev": true, "triggerNext": true, "delay": "", "used_object_type": "", "target": null, "duration": 5000, "force": null, "extended_animation": false, "type": 0, "hover_animation": null, "used_theme_data": 6}}, {"pk": 9, "model": "DataManager.coreanimationdata", "fields": {"order_in_group": 1, "pre": "", "anim": "right:100%", "group": 5, "name": "Click Move Left Fast", "click_animation": null, "waitPrev": true, "triggerNext": true, "delay": "", "used_object_type": "", "target": null, "duration": 300, "force": null, "extended_animation": false, "type": 0, "hover_animation": null, "used_theme_data": null}}, {"pk": 10, "model": "DataManager.coreanimationdata", "fields": {"order_in_group": 1, "pre": "", "anim": "", "group": 3, "name": "bg appear", "click_animation": null, "waitPrev": true, "triggerNext": true, "delay": "", "used_object_type": "{{RAND_THEME_BG}}", "target": null, "duration": 1, "force": null, "extended_animation": false, "type": 2, "hover_animation": null, "used_theme_data": null}}, {"pk": 11, "model": "DataManager.coreanimationdata", "fields": {"order_in_group": 2, "pre": "opacity:0,width:120%,height:120%", "anim": "opacity:1", "group": 3, "name": "bg move", "click_animation": null, "waitPrev": true, "triggerNext": false, "delay": "", "used_object_type": "{{THEME_BG}}", "target": null, "duration": 500, "force": null, "extended_animation": false, "type": 0, "hover_animation": null, "used_theme_data": null}}, {"pk": 12, "model": "DataManager.coreanimationdata", "fields": {"order_in_group": 3, "pre": "", "anim": "left:-20%", "group": 3, "name": "bg move", "click_animation": null, "waitPrev": false, "triggerNext": true, "delay": "", "used_object_type": "{{THEME_BG}}", "target": null, "duration": 20000, "force": null, "extended_animation": false, "type": 0, "hover_animation": null, "used_theme_data": null}}, {"pk": 13, "model": "DataManager.coreanimationdata", "fields": {"order_in_group": 1, "pre": "", "anim": "", "group": 6, "name": "Photo Pop", "click_animation": null, "waitPrev": true, "triggerNext": true, "delay": "", "used_object_type": "{{NEXT_USER_PHOTO}}", "target": null, "duration": 1, "force": null, "extended_animation": false, "type": 2, "hover_animation": null, "used_theme_data": null}}, {"pk": 14, "model": "DataManager.coreanimationdata", "fields": {"order_in_group": 2, "pre": "top:40%,left:40%,height:10%", "anim": "top:30%,left:23%,height:30%,width:25%", "group": 6, "name": "Photo Pop", "click_animation": null, "waitPrev": true, "triggerNext": true, "delay": "", "used_object_type": "{{USER_PHOTO}}", "target": null, "duration": 300, "force": null, "extended_animation": false, "type": 0, "hover_animation": null, "used_theme_data": null}}, {"pk": 15, "model": "DataManager.coreanimationdata", "fields": {"order_in_group": 4, "pre": "", "anim": "", "group": 6, "name": "Appear Photo", "click_animation": null, "waitPrev": true, "triggerNext": true, "delay": "", "used_object_type": "{{NEXT_USER_PHOTO}}", "target": null, "duration": 1, "force": null, "extended_animation": false, "type": 2, "hover_animation": null, "used_theme_data": null}}, {"pk": 16, "model": "DataManager.coreanimationdata", "fields": {"order_in_group": 5, "pre": "left:70%,top:70%,height:10%", "anim": "left:47%,top:60%,height:30%,width:25%", "group": 6, "name": "Photo Pop", "click_animation": null, "waitPrev": true, "triggerNext": true, "delay": "", "used_object_type": "{{USER_PHOTO}}", "target": null, "duration": 300, "force": null, "extended_animation": false, "type": 0, "hover_animation": null, "used_theme_data": null}}, {"pk": 17, "model": "DataManager.coreanimationdata", "fields": {"order_in_group": 7, "pre": "", "anim": "", "group": 6, "name": "Photo Appear", "click_animation": null, "waitPrev": true, "triggerNext": true, "delay": "", "used_object_type": "{{NEXT_USER_PHOTO}}", "target": null, "duration": 1, "force": null, "extended_animation": false, "type": 2, "hover_animation": 2, "used_theme_data": null}}, {"pk": 18, "model": "DataManager.coreanimationdata", "fields": {"order_in_group": 8, "pre": "right:20%,top:20%,height:10%", "anim": "right:10%,top:8%,height:40%,width:25%", "group": 6, "name": "Photo Pop", "click_animation": null, "waitPrev": true, "triggerNext": true, "delay": "", "used_object_type": "{{USER_PHOTO}}", "target": null, "duration": 300, "force": null, "extended_animation": false, "type": 0, "hover_animation": null, "used_theme_data": null}}, {"pk": 21, "model": "DataManager.coreanimationdata", "fields": {"order_in_group": 1, "pre": "", "anim": "scale:1.2", "group": 8, "name": "scale 1.2", "click_animation": null, "waitPrev": false, "triggerNext": true, "delay": "", "used_object_type": "", "target": null, "duration": 500, "force": null, "extended_animation": false, "type": 0, "hover_animation": null, "used_theme_data": null}}, {"pk": 22, "model": "DataManager.coreanimationdata", "fields": {"order_in_group": 1, "pre": "", "anim": "", "group": 7, "name": "Appear Photo", "click_animation": null, "waitPrev": true, "triggerNext": true, "delay": "", "used_object_type": "{{NEXT_USER_PHOTO}}", "target": null, "duration": 1, "force": null, "extended_animation": false, "type": 2, "hover_animation": null, "used_theme_data": null}}, {"pk": 23, "model": "DataManager.coreanimationdata", "fields": {"order_in_group": 2, "pre": "opacity:0", "anim": "opacity:1", "group": 7, "name": "Appear Photo", "click_animation": null, "waitPrev": true, "triggerNext": false, "delay": "", "used_object_type": "{{USER_PHOTO}}", "target": null, "duration": 1000, "force": null, "extended_animation": false, "type": 0, "hover_animation": null, "used_theme_data": null}}, {"pk": 24, "model": "DataManager.coreanimationdata", "fields": {"order_in_group": 3, "pre": "width:30%,height:30%", "anim": "top:30%,left:30%", "group": 7, "name": "move", "click_animation": null, "waitPrev": false, "triggerNext": true, "delay": "", "used_object_type": "{{USER_PHOTO}}", "target": null, "duration": 2000, "force": null, "extended_animation": false, "type": 0, "hover_animation": null, "used_theme_data": null}}, {"pk": 25, "model": "DataManager.coreanimationdata", "fields": {"order_in_group": 1, "pre": "", "anim": "", "group": 9, "name": "Photo Pop", "click_animation": null, "waitPrev": true, "triggerNext": true, "delay": "", "used_object_type": "{{NEXT_USER_PHOTO}}", "target": null, "duration": 1, "force": null, "extended_animation": false, "type": 2, "hover_animation": null, "used_theme_data": null}}, {"pk": 26, "model": "DataManager.coreanimationdata", "fields": {"order_in_group": 2, "pre": "top:50%,left:0%,width:35%,height:50%", "anim": "top:33%,left:33%,rotateY:720deg", "group": 9, "name": "flip and appear from left", "click_animation": null, "waitPrev": true, "triggerNext": true, "delay": "", "used_object_type": "{{USER_PHOTO}}", "target": null, "duration": 1500, "force": null, "extended_animation": true, "type": 0, "hover_animation": null, "used_theme_data": null}}, {"pk": 27, "model": "DataManager.coreanimationdata", "fields": {"order_in_group": 3, "pre": "", "anim": "", "group": 9, "name": "sleep", "click_animation": null, "waitPrev": true, "triggerNext": true, "delay": "", "used_object_type": "", "target": null, "duration": 4000, "force": null, "extended_animation": false, "type": 1, "hover_animation": null, "used_theme_data": null}}, {"pk": 28, "model": "DataManager.coreanimationdata", "fields": {"order_in_group": 4, "pre": "", "anim": "perspective:100px,rotateY:720deg,left:100%,top:0%", "group": 9, "name": "photo disappear flipping", "click_animation": null, "waitPrev": true, "triggerNext": false, "delay": "", "used_object_type": "{{USER_PHOTO}}", "target": null, "duration": 1000, "force": null, "extended_animation": false, "type": 0, "hover_animation": null, "used_theme_data": null}}, {"pk": 29, "model": "DataManager.coreanimationdata", "fields": {"order_in_group": 5, "pre": "", "anim": "", "group": 9, "name": "show", "click_animation": null, "waitPrev": false, "triggerNext": true, "delay": "", "used_object_type": "{{NEXT_USER_PHOTO}}", "target": null, "duration": 1, "force": null, "extended_animation": false, "type": 2, "hover_animation": null, "used_theme_data": null}}, {"pk": 30, "model": "DataManager.coreanimationdata", "fields": {"order_in_group": 6, "pre": "left:0%,top:10%,width:35%,height:50%", "anim": "left:33%,top:33%,perspective:100px,rotateY:720deg", "group": 9, "name": "flip and appear from left 2", "click_animation": null, "waitPrev": true, "triggerNext": true, "delay": "", "used_object_type": "{{USER_PHOTO}}", "target": null, "duration": 1500, "force": null, "extended_animation": true, "type": 0, "hover_animation": null, "used_theme_data": null}}, {"pk": 31, "model": "DataManager.coreanimationdata", "fields": {"order_in_group": 7, "pre": "", "anim": "", "group": 9, "name": "sleep", "click_animation": null, "waitPrev": true, "triggerNext": true, "delay": "", "used_object_type": "", "target": null, "duration": 3000, "force": null, "extended_animation": false, "type": 1, "hover_animation": null, "used_theme_data": null}}, {"pk": 32, "model": "DataManager.coreanimationdata", "fields": {"order_in_group": 1, "pre": "", "anim": "", "group": 10, "name": "music play", "click_animation": null, "waitPrev": false, "triggerNext": true, "delay": "", "used_object_type": "{{NEXT_THEME_MUSIC}}", "target": null, "duration": 1, "force": null, "extended_animation": false, "type": 10, "hover_animation": null, "used_theme_data": null}}, {"pk": 33, "model": "DataManager.coreanimationdata", "fields": {"order_in_group": 2, "pre": "", "anim": "", "group": 10, "name": "music fadein", "click_animation": null, "waitPrev": true, "triggerNext": true, "delay": "", "used_object_type": "{{THEME_MUSIC}}", "target": null, "duration": 1000, "force": null, "extended_animation": false, "type": 14, "hover_animation": null, "used_theme_data": null}}, {"pk": 34, "model": "DataManager.coreanimationdata", "fields": {"order_in_group": 3, "pre": "", "anim": "", "group": 10, "name": "", "click_animation": null, "waitPrev": true, "triggerNext": true, "delay": "", "used_object_type": "", "target": null, "duration": 19000, "force": null, "extended_animation": false, "type": 1, "hover_animation": null, "used_theme_data": null}}, {"pk": 35, "model": "DataManager.coreanimationdata", "fields": {"order_in_group": 4, "pre": "", "anim": "", "group": 10, "name": "music fadeout", "click_animation": null, "waitPrev": true, "triggerNext": false, "delay": "", "used_object_type": "{{THEME_MUSIC}}", "target": null, "duration": 1000, "force": null, "extended_animation": false, "type": 15, "hover_animation": null, "used_theme_data": null}}, {"pk": 36, "model": "DataManager.coreanimationdata", "fields": {"order_in_group": 5, "pre": "", "anim": "", "group": 10, "name": "", "click_animation": null, "waitPrev": true, "triggerNext": true, "delay": "", "used_object_type": "{{THEME_MUSIC}}", "target": null, "duration": 1, "force": null, "extended_animation": false, "type": 12, "hover_animation": null, "used_theme_data": null}}, {"pk": 40, "model": "DataManager.coreanimationdata", "fields": {"order_in_group": 3, "pre": "", "anim": "", "group": 6, "name": "", "click_animation": null, "waitPrev": true, "triggerNext": true, "delay": "", "used_object_type": "", "target": null, "duration": 500, "force": null, "extended_animation": false, "type": 1, "hover_animation": null, "used_theme_data": null}}, {"pk": 41, "model": "DataManager.coreanimationdata", "fields": {"order_in_group": 6, "pre": "", "anim": "", "group": 6, "name": "", "click_animation": null, "waitPrev": true, "triggerNext": true, "delay": "", "used_object_type": "", "target": null, "duration": 500, "force": null, "extended_animation": false, "type": 1, "hover_animation": null, "used_theme_data": null}}, {"pk": 42, "model": "DataManager.coreanimationdata", "fields": {"order_in_group": 9, "pre": "", "anim": "", "group": 6, "name": "finish", "click_animation": null, "waitPrev": true, "triggerNext": true, "delay": "", "used_object_type": "", "target": null, "duration": 8000, "force": null, "extended_animation": false, "type": 1, "hover_animation": null, "used_theme_data": null}}, {"pk": 43, "model": "DataManager.coreanimationdata", "fields": {"order_in_group": 8, "pre": "", "anim": "left:100%,perspective:100px,rotateX:720deg", "group": 9, "name": "flip to disappear", "click_animation": null, "waitPrev": true, "triggerNext": false, "delay": "", "used_object_type": "{{USER_PHOTO}}", "target": null, "duration": 1000, "force": null, "extended_animation": true, "type": 0, "hover_animation": null, "used_theme_data": null}}, {"pk": 44, "model": "DataManager.coreanimationdata", "fields": {"order_in_group": 10, "pre": "", "anim": "", "group": 9, "name": "show", "click_animation": null, "waitPrev": false, "triggerNext": true, "delay": "", "used_object_type": "{{NEXT_USER_PHOTO}}", "target": null, "duration": 1, "force": null, "extended_animation": false, "type": 2, "hover_animation": null, "used_theme_data": null}}, {"pk": 45, "model": "DataManager.coreanimationdata", "fields": {"order_in_group": 11, "pre": "left:0%,top:33%,width:35%,height:50%", "anim": "left:33%,perspective:100px,rotateX:720deg", "group": 9, "name": "flip and appear from left 3", "click_animation": null, "waitPrev": true, "triggerNext": true, "delay": "", "used_object_type": "{{USER_PHOTO}}", "target": null, "duration": 1500, "force": null, "extended_animation": true, "type": 0, "hover_animation": null, "used_theme_data": null}}, {"pk": 46, "model": "DataManager.coreanimationdata", "fields": {"order_in_group": 12, "pre": "", "anim": "", "group": 9, "name": "sleep", "click_animation": null, "waitPrev": true, "triggerNext": true, "delay": "", "used_object_type": "", "target": null, "duration": 3000, "force": null, "extended_animation": false, "type": 1, "hover_animation": null, "used_theme_data": null}}, {"pk": 47, "model": "DataManager.coreanimationdata", "fields": {"order_in_group": 13, "pre": "", "anim": "left:100%,perspective:100px,rotateY:720deg", "group": 9, "name": "flip to disappear", "click_animation": null, "waitPrev": true, "triggerNext": true, "delay": "", "used_object_type": "{{USER_PHOTO}}", "target": null, "duration": 1000, "force": null, "extended_animation": true, "type": 0, "hover_animation": null, "used_theme_data": null}}, {"pk": 48, "model": "DataManager.coreanimationdata", "fields": {"order_in_group": 1, "pre": "", "anim": "", "group": 11, "name": "Photo Appear", "click_animation": null, "waitPrev": true, "triggerNext": true, "delay": "", "used_object_type": "{{NEXT_USER_PHOTO}}", "target": null, "duration": 1, "force": null, "extended_animation": false, "type": 2, "hover_animation": null, "used_theme_data": null}}, {"pk": 49, "model": "DataManager.coreanimationdata", "fields": {"order_in_group": 2, "pre": "left:-110%", "anim": "left:5%", "group": 11, "name": "photo come in", "click_animation": null, "waitPrev": true, "triggerNext": true, "delay": "", "used_object_type": "{{USER_PHOTO}}", "target": null, "duration": 2000, "force": null, "extended_animation": false, "type": 0, "hover_animation": null, "used_theme_data": null}}, {"pk": 50, "model": "DataManager.coreanimationdata", "fields": {"order_in_group": 3, "pre": "", "anim": "left:10%", "group": 11, "name": "wait floating", "click_animation": null, "waitPrev": true, "triggerNext": true, "delay": "", "used_object_type": "{{USER_PHOTO}}", "target": null, "duration": 5000, "force": null, "extended_animation": false, "type": 0, "hover_animation": null, "used_theme_data": null}}, {"pk": 51, "model": "DataManager.coreanimationdata", "fields": {"order_in_group": 4, "pre": "", "anim": "left:170%,top:-10%", "group": 11, "name": "move out", "click_animation": null, "waitPrev": true, "triggerNext": false, "delay": "", "used_object_type": "{{USER_PHOTO}}", "target": null, "duration": 2000, "force": null, "extended_animation": false, "type": 0, "hover_animation": null, "used_theme_data": null}}, {"pk": 52, "model": "DataManager.coreanimationdata", "fields": {"order_in_group": 5, "pre": "", "anim": "width:50%,height:50%", "group": 11, "name": "shrink", "click_animation": null, "waitPrev": false, "triggerNext": true, "delay": "", "used_object_type": "{{USER_PHOTO}}", "target": null, "duration": 1000, "force": null, "extended_animation": false, "type": 0, "hover_animation": null, "used_theme_data": null}}, {"pk": 53, "model": "DataManager.coreanimationdata", "fields": {"order_in_group": 6, "pre": "", "anim": "opacity:0", "group": 11, "name": "disappear", "click_animation": null, "waitPrev": true, "triggerNext": false, "delay": "", "used_object_type": "{{USER_PHOTO}}", "target": null, "duration": 500, "force": null, "extended_animation": false, "type": 0, "hover_animation": null, "used_theme_data": null}}, {"pk": 54, "model": "DataManager.coreanimationdata", "fields": {"order_in_group": 7, "pre": "", "anim": "", "group": 11, "name": "Appear Photo", "click_animation": null, "waitPrev": false, "triggerNext": true, "delay": "", "used_object_type": "{{NEXT_USER_PHOTO}}", "target": null, "duration": 1, "force": null, "extended_animation": false, "type": 2, "hover_animation": null, "used_theme_data": null}}, {"pk": 55, "model": "DataManager.coreanimationdata", "fields": {"order_in_group": 8, "pre": "top:17%,left:22%,width:68%,height:68%,opacity:0", "anim": "top:15%,left:20%,width:70%,height:70%,opacity:1", "group": 11, "name": "Photo Pop", "click_animation": null, "waitPrev": true, "triggerNext": true, "delay": "", "used_object_type": "{{USER_PHOTO}}", "target": null, "duration": 500, "force": null, "extended_animation": false, "type": 0, "hover_animation": null, "used_theme_data": null}}, {"pk": 56, "model": "DataManager.coreanimationdata", "fields": {"order_in_group": 9, "pre": "", "anim": "top:0%,left:10%,width:100%,height:100%", "group": 11, "name": "Photo Bubble", "click_animation": null, "waitPrev": true, "triggerNext": false, "delay": "", "used_object_type": "{{USER_PHOTO}}", "target": null, "duration": 5000, "force": null, "extended_animation": false, "type": 0, "hover_animation": null, "used_theme_data": null}}, {"pk": 57, "model": "DataManager.coreanimationdata", "fields": {"order_in_group": 10, "pre": "", "anim": "", "group": 11, "name": "wait to disappear", "click_animation": null, "waitPrev": false, "triggerNext": true, "delay": "", "used_object_type": "", "target": null, "duration": 4500, "force": null, "extended_animation": false, "type": 1, "hover_animation": null, "used_theme_data": null}}, {"pk": 58, "model": "DataManager.coreanimationdata", "fields": {"order_in_group": 11, "pre": "", "anim": "opacity:0", "group": 11, "name": "photo disappear", "click_animation": null, "waitPrev": true, "triggerNext": true, "delay": "", "used_object_type": "{{USER_PHOTO}}", "target": null, "duration": 500, "force": null, "extended_animation": false, "type": 0, "hover_animation": null, "used_theme_data": null}}, {"pk": 59, "model": "DataManager.coreanimationdata", "fields": {"order_in_group": 11, "pre": "", "anim": "", "group": 11, "name": "Appear Photo", "click_animation": null, "waitPrev": true, "triggerNext": true, "delay": "", "used_object_type": "{{NEXT_USER_PHOTO}}", "target": null, "duration": 1, "force": null, "extended_animation": false, "type": 2, "hover_animation": null, "used_theme_data": null}}, {"pk": 60, "model": "DataManager.coreanimationdata", "fields": {"order_in_group": 12, "pre": "width:100%,height:100%,top:0,left:0,opacity:0", "anim": "width:80%,height:80%,top:10%,left:10%,opacity:1", "group": 11, "name": "Photo Pop in", "click_animation": null, "waitPrev": true, "triggerNext": true, "delay": "", "used_object_type": "{{USER_PHOTO}}", "target": null, "duration": 1000, "force": null, "extended_animation": false, "type": 0, "hover_animation": null, "used_theme_data": null}}, {"pk": 61, "model": "DataManager.coreanimationdata", "fields": {"order_in_group": 13, "pre": "", "anim": "", "group": 11, "name": "wait", "click_animation": null, "waitPrev": true, "triggerNext": true, "delay": "", "used_object_type": "", "target": null, "duration": 1000, "force": null, "extended_animation": false, "type": 1, "hover_animation": null, "used_theme_data": null}}, {"pk": 62, "model": "DataManager.coreanimationdata", "fields": {"order_in_group": 14, "pre": "", "anim": "left:0%", "group": 11, "name": "float left", "click_animation": null, "waitPrev": true, "triggerNext": true, "delay": "", "used_object_type": "{{USER_PHOTO}}", "target": null, "duration": 4000, "force": null, "extended_animation": false, "type": 0, "hover_animation": null, "used_theme_data": null}}, {"pk": 63, "model": "DataManager.coreanimationdata", "fields": {"order_in_group": 15, "pre": "", "anim": "left:-100%", "group": 11, "name": "disappear", "click_animation": null, "waitPrev": true, "triggerNext": false, "delay": "", "used_object_type": "{{USER_PHOTO}}", "target": null, "duration": 500, "force": null, "extended_animation": false, "type": 0, "hover_animation": null, "used_theme_data": null}}, {"pk": 64, "model": "DataManager.coreanimationdata", "fields": {"order_in_group": 16, "pre": "", "anim": "", "group": 11, "name": "finish", "click_animation": null, "waitPrev": false, "triggerNext": true, "delay": "", "used_object_type": "", "target": null, "duration": 1, "force": null, "extended_animation": false, "type": 1, "hover_animation": null, "used_theme_data": null}}, {"pk": 65, "model": "DataManager.coreanimationdata", "fields": {"order_in_group": 1, "pre": "", "anim": "", "group": 12, "name": "Photo show", "click_animation": null, "waitPrev": true, "triggerNext": true, "delay": "", "used_object_type": "{{NEXT_USER_PHOTO}}", "target": null, "duration": 1, "force": null, "extended_animation": false, "type": 2, "hover_animation": null, "used_theme_data": null}}, {"pk": 66, "model": "DataManager.coreanimationdata", "fields": {"order_in_group": 2, "pre": "top:100%,width:60%,height:60%", "anim": "top:-60%", "group": 12, "name": "Photo float up", "click_animation": null, "waitPrev": true, "triggerNext": false, "delay": "", "used_object_type": "{{USER_PHOTO}}", "target": null, "duration": 5000, "force": null, "extended_animation": false, "type": 0, "hover_animation": null, "used_theme_data": null}}, {"pk": 67, "model": "DataManager.coreanimationdata", "fields": {"order_in_group": 3, "pre": "", "anim": "widht:80%,height:80%", "group": 12, "name": "increase size", "click_animation": null, "waitPrev": false, "triggerNext": true, "delay": "", "used_object_type": "{{USER_PHOTO}}", "target": null, "duration": 3000, "force": null, "extended_animation": false, "type": 0, "hover_animation": null, "used_theme_data": null}}, {"pk": 68, "model": "DataManager.coreanimationdata", "fields": {"order_in_group": 4, "pre": "", "anim": "width:10px,height:10px,left:25%", "group": 12, "name": "smaller", "click_animation": null, "waitPrev": true, "triggerNext": false, "delay": "", "used_object_type": "{{USER_PHOTO}}", "target": null, "duration": 2000, "force": null, "extended_animation": false, "type": 0, "hover_animation": null, "used_theme_data": null}}, {"pk": 69, "model": "DataManager.coreanimationdata", "fields": {"order_in_group": 5, "pre": "", "anim": "", "group": 12, "name": "show", "click_animation": null, "waitPrev": false, "triggerNext": true, "delay": "", "used_object_type": "{{NEXT_USER_PHOTO}}", "target": null, "duration": 1, "force": null, "extended_animation": false, "type": 2, "hover_animation": null, "used_theme_data": null}}, {"pk": 70, "model": "DataManager.coreanimationdata", "fields": {"order_in_group": 6, "pre": "left:50%,top:100%", "anim": "top:-50%", "group": 12, "name": "float up", "click_animation": null, "waitPrev": true, "triggerNext": false, "delay": "", "used_object_type": "{{USER_PHOTO}}", "target": null, "duration": 5000, "force": null, "extended_animation": false, "type": 0, "hover_animation": null, "used_theme_data": null}}, {"pk": 71, "model": "DataManager.coreanimationdata", "fields": {"order_in_group": 7, "pre": "width:50%,height:50%", "anim": "width:80%,height:80%", "group": 12, "name": "photo disappear", "click_animation": null, "waitPrev": false, "triggerNext": true, "delay": "", "used_object_type": "{{USER_PHOTO}}", "target": null, "duration": 3000, "force": null, "extended_animation": false, "type": 0, "hover_animation": null, "used_theme_data": null}}, {"pk": 72, "model": "DataManager.coreanimationdata", "fields": {"order_in_group": 8, "pre": "", "anim": "width:10px,height:10px", "group": 12, "name": "disappear", "click_animation": null, "waitPrev": true, "triggerNext": false, "delay": "", "used_object_type": "{{USER_PHOTO}}", "target": null, "duration": 2000, "force": null, "extended_animation": false, "type": 0, "hover_animation": null, "used_theme_data": null}}, {"pk": 73, "model": "DataManager.coreanimationdata", "fields": {"order_in_group": 9, "pre": "", "anim": "", "group": 12, "name": "show", "click_animation": null, "waitPrev": false, "triggerNext": true, "delay": "", "used_object_type": "{{NEXT_USER_PHOTO}}", "target": null, "duration": 1, "force": null, "extended_animation": false, "type": 2, "hover_animation": null, "used_theme_data": null}}, {"pk": 74, "model": "DataManager.coreanimationdata", "fields": {"order_in_group": 10, "pre": "top:100%,left:25%", "anim": "top:-50%", "group": 12, "name": "float up", "click_animation": null, "waitPrev": true, "triggerNext": true, "delay": "", "used_object_type": "{{USER_PHOTO}}", "target": null, "duration": 5000, "force": null, "extended_animation": false, "type": 0, "hover_animation": null, "used_theme_data": null}}, {"pk": 75, "model": "DataManager.coreanimationdata", "fields": {"order_in_group": 11, "pre": "width:30%,height:30%", "anim": "width:70%,height:70%", "group": 12, "name": "increase size", "click_animation": null, "waitPrev": false, "triggerNext": true, "delay": "", "used_object_type": "{{USER_PHOTO}}", "target": null, "duration": 3000, "force": null, "extended_animation": false, "type": 0, "hover_animation": null, "used_theme_data": null}}, {"pk": 76, "model": "DataManager.coreanimationdata", "fields": {"order_in_group": 12, "pre": "", "anim": "width:10px,height:10px", "group": 12, "name": "shrink", "click_animation": null, "waitPrev": true, "triggerNext": false, "delay": "", "used_object_type": "{{USER_PHOTO}}", "target": null, "duration": 2000, "force": null, "extended_animation": false, "type": 0, "hover_animation": null, "used_theme_data": null}}, {"pk": 77, "model": "DataManager.coreanimationdata", "fields": {"order_in_group": 13, "pre": "", "anim": "", "group": 12, "name": "show", "click_animation": null, "waitPrev": false, "triggerNext": true, "delay": "", "used_object_type": "{{NEXT_USER_PHOTO}}", "target": null, "duration": 1, "force": null, "extended_animation": false, "type": 2, "hover_animation": null, "used_theme_data": null}}, {"pk": 78, "model": "DataManager.coreanimationdata", "fields": {"order_in_group": 14, "pre": "left:20%,top:100%", "anim": "top:-50%", "group": 12, "name": "float up", "click_animation": null, "waitPrev": true, "triggerNext": false, "delay": "", "used_object_type": "{{USER_PHOTO}}", "target": null, "duration": 5000, "force": null, "extended_animation": false, "type": 0, "hover_animation": null, "used_theme_data": null}}, {"pk": 79, "model": "DataManager.coreanimationdata", "fields": {"order_in_group": 15, "pre": "width:10%,height:10%", "anim": "width:80%,height:80%", "group": 12, "name": "increase size", "click_animation": null, "waitPrev": false, "triggerNext": true, "delay": "", "used_object_type": "{{USER_PHOTO}}", "target": null, "duration": 3000, "force": null, "extended_animation": false, "type": 0, "hover_animation": null, "used_theme_data": null}}, {"pk": 80, "model": "DataManager.coreanimationdata", "fields": {"order_in_group": 16, "pre": "", "anim": "width:10px,height:10px,left:35%", "group": 12, "name": "shrink", "click_animation": null, "waitPrev": true, "triggerNext": false, "delay": "", "used_object_type": "{{USER_PHOTO}}", "target": null, "duration": 2000, "force": null, "extended_animation": false, "type": 0, "hover_animation": null, "used_theme_data": null}}, {"pk": 82, "model": "DataManager.coreanimationdata", "fields": {"order_in_group": 2, "pre": "width:15%,height:30%,top:50%,left:100%,z-Index:9998", "anim": "left:85%", "group": 13, "name": "come in", "click_animation": null, "waitPrev": true, "triggerNext": true, "delay": "", "used_object_type": "", "target": null, "duration": 300, "force": null, "extended_animation": false, "type": 0, "hover_animation": null, "used_theme_data": 18}}, {"pk": 84, "model": "DataManager.coreanimationdata", "fields": {"order_in_group": 1, "pre": "opacity:1", "anim": "left:-40%", "group": 14, "name": "fire the gun", "click_animation": null, "waitPrev": true, "triggerNext": true, "delay": "", "used_object_type": "", "target": null, "duration": 500, "force": null, "extended_animation": false, "type": 0, "hover_animation": null, "used_theme_data": null}}, {"pk": 85, "model": "DataManager.coreanimationdata", "fields": {"order_in_group": 3, "pre": "", "anim": "", "group": 13, "name": "laser show", "click_animation": 3, "waitPrev": true, "triggerNext": true, "delay": "", "used_object_type": "", "target": null, "duration": 1, "force": null, "extended_animation": false, "type": 2, "hover_animation": null, "used_theme_data": 19}}, {"pk": 86, "model": "DataManager.coreanimationdata", "fields": {"order_in_group": 4, "pre": "opacity:0,z-Index:9999", "anim": "width:15%,height:30%,top:50%,left:85%", "group": 13, "name": "laser to position", "click_animation": null, "waitPrev": true, "triggerNext": true, "delay": "", "used_object_type": "", "target": null, "duration": 1, "force": null, "extended_animation": false, "type": 0, "hover_animation": null, "used_theme_data": 19}}, {"pk": 87, "model": "DataManager.coreanimationdata", "fields": {"order_in_group": 1, "pre": "", "anim": "", "group": 13, "name": "trooper show", "click_animation": null, "waitPrev": true, "triggerNext": true, "delay": "", "used_object_type": "", "target": null, "duration": 1, "force": null, "extended_animation": false, "type": 2, "hover_animation": null, "used_theme_data": 18}}, {"pk": 88, "model": "DataManager.coreanimationdata", "fields": {"order_in_group": 2, "pre": "opacity:0", "anim": "left:85%", "group": 14, "name": "", "click_animation": null, "waitPrev": true, "triggerNext": false, "delay": "", "used_object_type": "", "target": null, "duration": 1, "force": null, "extended_animation": false, "type": 0, "hover_animation": null, "used_theme_data": null}}, {"pk": 89, "model": "DataManager.coreanimationdata", "fields": {"order_in_group": 5, "pre": "", "anim": "", "group": 13, "name": "laser2 show", "click_animation": 3, "waitPrev": true, "triggerNext": true, "delay": "", "used_object_type": "", "target": null, "duration": 1, "force": null, "extended_animation": false, "type": 2, "hover_animation": null, "used_theme_data": 22}}, {"pk": 90, "model": "DataManager.coreanimationdata", "fields": {"order_in_group": 6, "pre": "opacity:0,z-Index:9999", "anim": "width:15%,height:30%,top:50%,left:85%", "group": 13, "name": "laser2 to position", "click_animation": null, "waitPrev": true, "triggerNext": true, "delay": "", "used_object_type": "", "target": null, "duration": 1, "force": null, "extended_animation": false, "type": 0, "hover_animation": null, "used_theme_data": 22}}, {"pk": 91, "model": "DataManager.coreanimationdata", "fields": {"order_in_group": 1, "pre": "", "anim": "", "group": 15, "name": "show r2", "click_animation": null, "waitPrev": true, "triggerNext": true, "delay": "", "used_object_type": "", "target": null, "duration": 1, "force": null, "extended_animation": false, "type": 2, "hover_animation": null, "used_theme_data": 21}}, {"pk": 92, "model": "DataManager.coreanimationdata", "fields": {"order_in_group": 2, "pre": "top:-30%,left:40%,width:25%,height:30%", "anim": "top:50%,left:125%", "group": 15, "name": "move r2", "click_animation": null, "waitPrev": true, "triggerNext": true, "delay": "", "used_object_type": "", "target": null, "duration": 4000, "force": null, "extended_animation": false, "type": 0, "hover_animation": null, "used_theme_data": 21}}, {"pk": 93, "model": "DataManager.coreanimationdata", "fields": {"order_in_group": 7, "pre": "", "anim": "opacity:0", "group": 1, "name": "duran hide", "click_animation": null, "waitPrev": true, "triggerNext": true, "delay": 10000, "used_object_type": "", "target": null, "duration": 300, "force": null, "extended_animation": false, "type": 3, "hover_animation": null, "used_theme_data": 2}}, {"pk": 94, "model": "DataManager.coreanimationdata", "fields": {"order_in_group": 8, "pre": "", "anim": "opacity:0", "group": 1, "name": "sabri hide", "click_animation": null, "waitPrev": true, "triggerNext": true, "delay": 10000, "used_object_type": "", "target": null, "duration": 500, "force": null, "extended_animation": false, "type": 3, "hover_animation": null, "used_theme_data": 3}}, {"pk": 95, "model": "DataManager.coreanimationdata", "fields": {"order_in_group": 1, "pre": "", "anim": "", "group": 16, "name": "show", "click_animation": null, "waitPrev": true, "triggerNext": true, "delay": 0, "used_object_type": "{{NEXT_USER_PHOTO}}", "target": null, "duration": 1, "force": null, "extended_animation": false, "type": 2, "hover_animation": null, "used_theme_data": null}}, {"pk": 96, "model": "DataManager.coreanimationdata", "fields": {"order_in_group": 2, "pre": "width:80%,height:80%,top:10%,left:10%,opacity:0", "anim": "opacity:1", "group": 16, "name": "Photo Pop", "click_animation": null, "waitPrev": true, "triggerNext": true, "delay": 0, "used_object_type": "{{USER_PHOTO}}", "target": null, "duration": 500, "force": null, "extended_animation": false, "type": 0, "hover_animation": null, "used_theme_data": null}}, {"pk": 97, "model": "DataManager.coreanimationdata", "fields": {"order_in_group": 3, "pre": "", "anim": "", "group": 16, "name": "status show", "click_animation": null, "waitPrev": true, "triggerNext": true, "delay": 0, "used_object_type": "{{NEXT_USER_STATUS}}", "target": null, "duration": 1, "force": null, "extended_animation": false, "type": 2, "hover_animation": null, "used_theme_data": null}}, {"pk": 98, "model": "DataManager.coreanimationdata", "fields": {"order_in_group": 4, "pre": "width:30%,left:-30%,top:-10%", "anim": "left:15%,top:15%", "group": 16, "name": "status come in left top", "click_animation": null, "waitPrev": true, "triggerNext": true, "delay": 0, "used_object_type": "{{USER_STATUS}}", "target": null, "duration": 500, "force": null, "extended_animation": false, "type": 0, "hover_animation": null, "used_theme_data": null}}, {"pk": 99, "model": "DataManager.coreanimationdata", "fields": {"order_in_group": 5, "pre": "", "anim": "left:-40%", "group": 16, "name": "hide status 1", "click_animation": null, "waitPrev": false, "triggerNext": false, "delay": 8000, "used_object_type": "{{USER_STATUS}}", "target": null, "duration": 500, "force": null, "extended_animation": false, "type": 3, "hover_animation": null, "used_theme_data": null}}, {"pk": 100, "model": "DataManager.coreanimationdata", "fields": {"order_in_group": 6, "pre": "", "anim": "left:5%", "group": 16, "name": "float status 1", "click_animation": null, "waitPrev": true, "triggerNext": false, "delay": 0, "used_object_type": "{{USER_STATUS}}", "target": null, "duration": 8500, "force": null, "extended_animation": false, "type": 0, "hover_animation": null, "used_theme_data": null}}, {"pk": 101, "model": "DataManager.coreanimationdata", "fields": {"order_in_group": 7, "pre": "", "anim": "", "group": 16, "name": "status appear", "click_animation": null, "waitPrev": false, "triggerNext": true, "delay": 0, "used_object_type": "{{NEXT_USER_STATUS}}", "target": null, "duration": 1, "force": null, "extended_animation": false, "type": 2, "hover_animation": null, "used_theme_data": null}}, {"pk": 102, "model": "DataManager.coreanimationdata", "fields": {"order_in_group": 8, "pre": "left:100%,top:-30%,width:30%", "anim": "left:60%,top:25%", "group": 16, "name": "status appear", "click_animation": null, "waitPrev": true, "triggerNext": true, "delay": 0, "used_object_type": "{{USER_STATUS}}", "target": null, "duration": 500, "force": null, "extended_animation": false, "type": 0, "hover_animation": null, "used_theme_data": null}}, {"pk": 103, "model": "DataManager.coreanimationdata", "fields": {"order_in_group": 9, "pre": "", "anim": "left:-40%", "group": 16, "name": "status 2 hide", "click_animation": null, "waitPrev": false, "triggerNext": false, "delay": 8000, "used_object_type": "{{USER_STATUS}}", "target": null, "duration": 500, "force": null, "extended_animation": false, "type": 3, "hover_animation": null, "used_theme_data": null}}, {"pk": 104, "model": "DataManager.coreanimationdata", "fields": {"order_in_group": 10, "pre": "", "anim": "left:50%", "group": 16, "name": "status 2 float", "click_animation": null, "waitPrev": true, "triggerNext": false, "delay": 0, "used_object_type": "{{USER_STATUS}}", "target": null, "duration": 8000, "force": null, "extended_animation": false, "type": 0, "hover_animation": null, "used_theme_data": null}}, {"pk": 105, "model": "DataManager.coreanimationdata", "fields": {"order_in_group": 11, "pre": "", "anim": "", "group": 16, "name": "status appear", "click_animation": null, "waitPrev": false, "triggerNext": true, "delay": 0, "used_object_type": "{{NEXT_USER_STATUS}}", "target": null, "duration": 1, "force": null, "extended_animation": false, "type": 2, "hover_animation": null, "used_theme_data": null}}, {"pk": 106, "model": "DataManager.coreanimationdata", "fields": {"order_in_group": 12, "pre": "left:100%,top:110%,width:30%", "anim": "left:60%,top:70%", "group": 16, "name": "status appear", "click_animation": null, "waitPrev": true, "triggerNext": true, "delay": 0, "used_object_type": "{{USER_STATUS}}", "target": null, "duration": 500, "force": null, "extended_animation": false, "type": 0, "hover_animation": null, "used_theme_data": null}}, {"pk": 107, "model": "DataManager.coreanimationdata", "fields": {"order_in_group": 13, "pre": "", "anim": "left:-40%", "group": 16, "name": "status 3 hide", "click_animation": null, "waitPrev": false, "triggerNext": false, "delay": 7500, "used_object_type": "{{USER_STATUS}}", "target": null, "duration": 500, "force": null, "extended_animation": false, "type": 3, "hover_animation": null, "used_theme_data": null}}, {"pk": 108, "model": "DataManager.coreanimationdata", "fields": {"order_in_group": 14, "pre": "", "anim": "left:50%", "group": 16, "name": "status 3 float", "click_animation": null, "waitPrev": true, "triggerNext": false, "delay": 0, "used_object_type": "{{USER_STATUS}}", "target": null, "duration": 8000, "force": null, "extended_animation": false, "type": 0, "hover_animation": null, "used_theme_data": null}}, {"pk": 109, "model": "DataManager.coreanimationdata", "fields": {"order_in_group": 15, "pre": "", "anim": "", "group": 16, "name": "status show", "click_animation": null, "waitPrev": false, "triggerNext": true, "delay": 0, "used_object_type": "{{NEXT_USER_STATUS}}", "target": null, "duration": 1, "force": null, "extended_animation": false, "type": 2, "hover_animation": null, "used_theme_data": null}}, {"pk": 110, "model": "DataManager.coreanimationdata", "fields": {"order_in_group": 16, "pre": "width:30%,left:-30%,top:110%", "anim": "left:15%,top:70%", "group": 16, "name": "status come in left bottom", "click_animation": null, "waitPrev": true, "triggerNext": true, "delay": 0, "used_object_type": "{{USER_STATUS}}", "target": null, "duration": 500, "force": null, "extended_animation": false, "type": 0, "hover_animation": null, "used_theme_data": null}}, {"pk": 111, "model": "DataManager.coreanimationdata", "fields": {"order_in_group": 17, "pre": "", "anim": "left:-40%", "group": 16, "name": "hide status 4", "click_animation": null, "waitPrev": false, "triggerNext": false, "delay": 8000, "used_object_type": "{{USER_STATUS}}", "target": null, "duration": 500, "force": null, "extended_animation": false, "type": 3, "hover_animation": null, "used_theme_data": null}}, {"pk": 112, "model": "DataManager.coreanimationdata", "fields": {"order_in_group": 18, "pre": "", "anim": "left:5%", "group": 16, "name": "float status 4", "click_animation": null, "waitPrev": true, "triggerNext": true, "delay": 0, "used_object_type": "{{USER_STATUS}}", "target": null, "duration": 8000, "force": null, "extended_animation": false, "type": 0, "hover_animation": null, "used_theme_data": null}}, {"pk": 113, "model": "DataManager.coreanimationdata", "fields": {"order_in_group": 1, "pre": "", "anim": "", "group": 17, "name": "music play", "click_animation": null, "waitPrev": false, "triggerNext": true, "delay": 0, "used_object_type": "{{NEXT_THEME_MUSIC}}", "target": null, "duration": 1, "force": null, "extended_animation": false, "type": 10, "hover_animation": null, "used_theme_data": null}}, {"pk": 114, "model": "DataManager.coreanimationdata", "fields": {"order_in_group": 2, "pre": "", "anim": "", "group": 17, "name": "music fadein", "click_animation": null, "waitPrev": true, "triggerNext": true, "delay": 0, "used_object_type": "{{THEME_MUSIC}}", "target": null, "duration": 1000, "force": null, "extended_animation": false, "type": 14, "hover_animation": null, "used_theme_data": null}}, {"pk": 115, "model": "DataManager.coreanimationdata", "fields": {"order_in_group": 3, "pre": "", "anim": "", "group": 17, "name": "", "click_animation": null, "waitPrev": true, "triggerNext": true, "delay": 0, "used_object_type": "", "target": null, "duration": 19000, "force": null, "extended_animation": false, "type": 1, "hover_animation": null, "used_theme_data": null}}, {"pk": 116, "model": "DataManager.coreanimationdata", "fields": {"order_in_group": 4, "pre": "", "anim": "", "group": 17, "name": "music fadeout", "click_animation": null, "waitPrev": true, "triggerNext": false, "delay": 0, "used_object_type": "{{THEME_MUSIC}}", "target": null, "duration": 1000, "force": null, "extended_animation": false, "type": 15, "hover_animation": null, "used_theme_data": null}}, {"pk": 117, "model": "DataManager.coreanimationdata", "fields": {"order_in_group": 5, "pre": "", "anim": "", "group": 17, "name": "", "click_animation": null, "waitPrev": true, "triggerNext": true, "delay": 0, "used_object_type": "{{THEME_MUSIC}}", "target": null, "duration": 1, "force": null, "extended_animation": false, "type": 12, "hover_animation": null, "used_theme_data": null}}, {"pk": 1, "model": "DataManager.imageenhancement", "fields": {"example_path": null, "script_path": "frame.sh", "name": "Apply Frame", "parameters": "{{RAND_THEME_FRAME}} {{THEME_DATA_PARAMETER}}"}}, {"pk": 2, "model": "DataManager.imageenhancement", "fields": {"example_path": null, "script_path": "gaussian.sh", "name": "HighPass Filter", "parameters": "-k high -m 10"}}, {"pk": 3, "model": "DataManager.imageenhancement", "fields": {"example_path": null, "script_path": "lichtenstein.sh", "name": "Lichtenstein Burn", "parameters": "-d none -b 1"}}, {"pk": 4, "model": "DataManager.imageenhancement", "fields": {"example_path": null, "script_path": "lichtenstein.sh", "name": "Lichtenstein Cartoon", "parameters": "-d h6x6a"}}, {"pk": 5, "model": "DataManager.imageenhancement", "fields": {"example_path": null, "script_path": "sketch.sh", "name": "BW Sketch", "parameters": "-k desat -c 125 -g"}}, {"pk": 6, "model": "DataManager.imageenhancement", "fields": {"example_path": null, "script_path": "sketch.sh", "name": "Color Sketch", "parameters": "-k gray -c 125"}}, {"pk": 7, "model": "DataManager.imageenhancement", "fields": {"example_path": null, "script_path": "vignette2.sh", "name": "Rect Vignette", "parameters": "-a 25 -d 90 -s roundrectangle"}}, {"pk": 8, "model": "DataManager.imageenhancement", "fields": {"example_path": "", "script_path": "enrich.sh", "name": "Enrich", "parameters": " "}}, {"pk": 9, "model": "DataManager.imageenhancement", "fields": {"example_path": null, "script_path": "halo.sh", "name": "Rainbow", "parameters": "-r 100 -w 60 -m 25 -c 100,100"}}, {"pk": 10, "model": "DataManager.imageenhancement", "fields": {"example_path": null, "script_path": "coloration.sh", "name": "Purple", "parameters": "-h 300 -s 50 -l 0"}}, {"pk": 11, "model": "DataManager.imageenhancement", "fields": {"example_path": null, "script_path": "coloration.sh", "name": "Yellow", "parameters": "-h 60 -s 75 -l 0"}}, {"pk": 12, "model": "DataManager.imageenhancement", "fields": {"example_path": null, "script_path": "coloration.sh", "name": "Red", "parameters": "-s 50 -l 0 -h 0"}}, {"pk": 1, "model": "DataManager.postenhancement", "fields": {"used_object_type": "{{NEXT_THEME_STATUS_BG}}", "type": "apply_bg", "name": "status bg", "parameters": "", "filepath": ""}}, {"pk": 2, "model": "DataManager.postenhancement", "fields": {"used_object_type": "{{NEXT_THEME_FONT}}", "type": "apply_font", "name": "comfortaa font", "parameters": "", "filepath": ""}}, {"pk": 1, "model": "DataManager.enhancementgroup", "fields": {"enhancement_functions": "2,12", "applicable_to": 0, "name": "70s hipass red", "post_enhancement": false}}, {"pk": 2, "model": "DataManager.enhancementgroup", "fields": {"enhancement_functions": "8,4", "applicable_to": 1, "name": "70s cartoon", "post_enhancement": false}}, {"pk": 3, "model": "DataManager.enhancementgroup", "fields": {"enhancement_functions": "2,11", "applicable_to": 0, "name": "70s hipass yellow", "post_enhancement": false}}, {"pk": 4, "model": "DataManager.enhancementgroup", "fields": {"enhancement_functions": "2,10", "applicable_to": 0, "name": "70s hipass purple", "post_enhancement": false}}, {"pk": 5, "model": "DataManager.enhancementgroup", "fields": {"enhancement_functions": "8,7", "applicable_to": 0, "name": "70s enrich vignette", "post_enhancement": false}}, {"pk": 6, "model": "DataManager.enhancementgroup", "fields": {"enhancement_functions": "8,9", "applicable_to": 0, "name": "70s rainbow", "post_enhancement": false}}, {"pk": 7, "model": "DataManager.enhancementgroup", "fields": {"enhancement_functions": "3", "applicable_to": 0, "name": "70s Lichtenstein", "post_enhancement": false}}, {"pk": 8, "model": "DataManager.enhancementgroup", "fields": {"enhancement_functions": "10,9", "applicable_to": 0, "name": "70s rainbow purple", "post_enhancement": false}}, {"pk": 9, "model": "DataManager.enhancementgroup", "fields": {"enhancement_functions": "5,11", "applicable_to": 0, "name": "70s bw yellow", "post_enhancement": false}}, {"pk": 10, "model": "DataManager.enhancementgroup", "fields": {"enhancement_functions": "3", "applicable_to": 0, "name": "70s burn", "post_enhancement": false}}, {"pk": 11, "model": "DataManager.enhancementgroup", "fields": {"enhancement_functions": "1,2", "applicable_to": 1, "name": "font + comfortaa", "post_enhancement": true}}, {"pk": 1, "model": "DataManager.theme", "fields": {"name": "70s", "enhancement_groups": [1, 2, 3, 4, 5, 6, 7, 8, 9, 10, 11]}}, {"pk": 1, "model": "DataManager.themedata", "fields": {"theme": 1, "data_path": "70s/frame/frame1.png", "type": 1, "parameters": "+30 +30"}}, {"pk": 2, "model": "DataManager.themedata", "fields": {"theme": 1, "data_path": "70s/stubphoto/duran.png", "type": 2, "parameters": ""}}, {"pk": 3, "model": "DataManager.themedata", "fields": {"theme": 1, "data_path": "70s/stubphoto/sabri.png", "type": 2, "parameters": ""}}, {"pk": 4, "model": "DataManager.themedata", "fields": {"theme": 1, "data_path": "70s/stubphoto/lips.png", "type": 2, "parameters": ""}}, {"pk": 5, "model": "DataManager.themedata", "fields": {"theme": 1, "data_path": "70s/frame/rainbow-frame.png", "type": 1, "parameters": "+0 +0"}}, {"pk": 6, "model": "DataManager.themedata", "fields": {"theme": 1, "data_path": "70s/stubphoto/red-car.png", "type": 2, "parameters": ""}}, {"pk": 7, "model": "DataManager.themedata", "fields": {"theme": 1, "data_path": "70s/stubphoto/retro-text.png", "type": 2, "parameters": ""}}, {"pk": 8, "model": "DataManager.themedata", "fields": {"theme": 1, "data_path": "70s/frame/ugly.png", "type": 1, "parameters": "+10 +10"}}, {"pk": 9, "model": "DataManager.themedata", "fields": {"theme": 1, "data_path": "70s/stubphoto/kermit.png", "type": 2, "parameters": ""}}, {"pk": 10, "model": "DataManager.themedata", "fields": {"theme": 1, "data_path": "70s/stubphoto/lava.png", "type": 2, "parameters": ""}}, {"pk": 11, "model": "DataManager.themedata", "fields": {"theme": 1, "data_path": "70s/background/radio.jpg", "type": 0, "parameters": ""}}, {"pk": 12, "model": "DataManager.themedata", "fields": {"theme": 1, "data_path": "70s/background/retro.jpg", "type": 0, "parameters": ""}}, {"pk": 13, "model": "DataManager.themedata", "fields": {"theme": 1, "data_path": "70s/background/record.jpg", "type": 0, "parameters": ""}}, {"pk": 14, "model": "DataManager.themedata", "fields": {"theme": 1, "data_path": "70s/background/stripe.jpg", "type": 0, "parameters": ""}}, {"pk": 15, "model": "DataManager.themedata", "fields": {"theme": 1, "data_path": "70s/background/rainbow-car.jpg", "type": 0, "parameters": ""}}, {"pk": 16, "model": "DataManager.themedata", "fields": {"theme": 1, "data_path": "70s/background/cloud-rainbow.jpg", "type": 0, "parameters": ""}}, {"pk": 17, "model": "DataManager.themedata", "fields": {"theme": 1, "data_path": "mp3=70s/music/ismail.mp3,\r\nm4a=http://a308.phobos.apple.com/us/r1000/075/Music/80/00/66/mzm.eqatqcau.aac.p.m4a", "type": 4, "parameters": ""}}, {"pk": 18, "model": "DataManager.themedata", "fields": {"theme": 1, "data_path": "70s/stubphoto/stormtrooper.png", "type": 2, "parameters": ""}}, {"pk": 19, "model": "DataManager.themedata", "fields": {"theme": 1, "data_path": "70s/stubphoto/laser.png", "type": 2, "parameters": ""}}, {"pk": 20, "model": "DataManager.themedata", "fields": {"theme": 1, "data_path": "70s/stubphoto/atat.png", "type": 2, "parameters": ""}}, {"pk": 21, "model": "DataManager.themedata", "fields": {"theme": 1, "data_path": "70s/stubphoto/r2d2.png", "type": 2, "parameters": ""}}, {"pk": 22, "model": "DataManager.themedata", "fields": {"theme": 1, "data_path": "70s/stubphoto/laser2.png", "type": 2, "parameters": ""}}, {"pk": 23, "model": "DataManager.themedata", "fields": {"theme": 1, "data_path": "70s/status-background/statusbg.png", "type": 5, "parameters": ""}}, {"pk": 24, "model": "DataManager.themedata", "fields": {"theme": 1, "data_path": "70s/font/comfortaa", "type": 3, "parameters": "12px 'comfortaa', sans-serif"}}, {"pk": 1, "model": "DataManager.scenario", "fields": {"name": "70s main", "compatible_themes": [1]}}, {"pk": 1, "model": "DataManager.animationgroup", "fields": {"name": "flying kick", "scenario": 1, "needed_location": 0, "needed_bg": 0, "needed_status": 0, "duration": 1, "needed_music": 0, "type": 3, "needed_photo": 0}}, {"pk": 2, "model": "DataManager.animationgroup", "fields": {"name": "car right-to-left", "scenario": 1, "needed_location": 0, "needed_bg": 0, "needed_status": 0, "duration": 1, "needed_music": 0, "type": 3, "needed_photo": 0}}, {"pk": 3, "model": "DataManager.animationgroup", "fields": {"name": "bg-left", "scenario": 1, "needed_location": 0, "needed_bg": 0, "needed_status": 0, "duration": 2, "needed_music": 0, "type": 0, "needed_photo": 0}}, {"pk": 5, "model": "DataManager.animationgroup", "fields": {"name": "Click Move Left Fast", "scenario": null, "needed_location": 0, "needed_bg": 0, "needed_status": 0, "duration": 1, "needed_music": 0, "type": 3, "needed_photo": 0}}, {"pk": 6, "model": "DataManager.animationgroup", "fields": {"name": "70s Photo Pop", "scenario": 1, "needed_location": 0, "needed_bg": 0, "needed_status": 0, "duration": 1, "needed_music": 0, "type": 3, "needed_photo": 3}}, {"pk": 7, "model": "DataManager.animationgroup", "fields": {"name": "70s enter from sides", "scenario": 1, "needed_location": 0, "needed_bg": 0, "needed_status": 0, "duration": 100, "needed_music": 0, "type": 3, "needed_photo": 3}}, {"pk": 8, "model": "DataManager.animationgroup", "fields": {"name": "Hover scale 1.2", "scenario": null, "needed_location": 0, "needed_bg": 0, "needed_status": 0, "duration": 1, "needed_music": 0, "type": 3, "needed_photo": 0}}, {"pk": 9, "model": "DataManager.animationgroup", "fields": {"name": "Yomoho", "scenario": 1, "needed_location": 0, "needed_bg": 0, "needed_status": 0, "duration": 1, "needed_music": 0, "type": 3, "needed_photo": 3}}, {"pk": 10, "model": "DataManager.animationgroup", "fields": {"name": "20s Music Animation", "scenario": 1, "needed_location": 0, "needed_bg": 0, "needed_status": 0, "duration": 20, "needed_music": 0, "type": 1, "needed_photo": 0}}, {"pk": 11, "model": "DataManager.animationgroup", "fields": {"name": "vintage", "scenario": 1, "needed_location": 0, "needed_bg": 0, "needed_status": 0, "duration": 1, "needed_music": 0, "type": 3, "needed_photo": 3}}, {"pk": 12, "model": "DataManager.animationgroup", "fields": {"name": "Bubbles", "scenario": 1, "needed_location": 0, "needed_bg": 0, "needed_status": 0, "duration": 1, "needed_music": 0, "type": 3, "needed_photo": 4}}, {"pk": 13, "model": "DataManager.animationgroup", "fields": {"name": "stormtrooper", "scenario": 1, "needed_location": 0, "needed_bg": 0, "needed_status": 0, "duration": 1, "needed_music": 0, "type": 3, "needed_photo": 0}}, {"pk": 14, "model": "DataManager.animationgroup", "fields": {"name": "stormtrooper click fire", "scenario": null, "needed_location": 0, "needed_bg": 0, "needed_status": 0, "duration": 1, "needed_music": 0, "type": 3, "needed_photo": 0}}, {"pk": 15, "model": "DataManager.animationgroup", "fields": {"name": "r2d2", "scenario": 1, "needed_location": 0, "needed_bg": 0, "needed_status": 0, "duration": 1, "needed_music": 0, "type": 3, "needed_photo": 0}}, {"pk": 16, "model": "DataManager.animationgroup", "fields": {"name": "Photo with statuses", "scenario": 1, "needed_location": 0, "needed_bg": 0, "needed_status": 4, "duration": 1, "needed_music": 0, "type": 3, "needed_photo": 1}}, {"pk": 17, "model": "DataManager.animationgroup", "fields": {"name": "20s Music Animation-2", "scenario": 1, "needed_location": 0, "needed_bg": 0, "needed_status": 0, "duration": 20, "needed_music": 0, "type": 1, "needed_photo": 0}}, {"pk": 1, "model": "DataManager.userinteractionanimationgroup", "fields": {"disable_further_interaction": false, "stop_current_animation": true, "name": "fast left", "clear_further_animations": false, "animations": 5}}, {"pk": 2, "model": "DataManager.userinteractionanimationgroup", "fields": {"disable_further_interaction": true, "stop_current_animation": false, "name": "scale 1.2", "clear_further_animations": false, "animations": 8}}, {"pk": 3, "model": "DataManager.userinteractionanimationgroup", "fields": {"disable_further_interaction": false, "stop_current_animation": false, "name": "fire!", "clear_further_animations": false, "animations": 14}}]