[{"pk": 1, "model": "DataManager.provider", "fields": {"module_name": "", "worker_name": "FacebookProviderWorker", "name": "Facebook", "package_name": "FacebookProvider"}}, {"pk": 2, "model": "DataManager.provider", "fields": {"module_name": "", "worker_name": "TwitterProviderWorker", "name": "Twitter", "package_name": "TwitterProvider"}}, {"pk": 1, "model": "DataManager.coreanimationdata", "fields": {"order_in_group": 1, "pre": "", "anim": "", "group": 1, "name": "duran-appear", "click_animation": null, "waitPrev": true, "triggerNext": true, "used_object_type": "", "target": null, "duration": 1, "force": null, "extended_animation": false, "type": 2, "hover_animation": null, "used_theme_data": 2}}, {"pk": 2, "model": "DataManager.coreanimationdata", "fields": {"order_in_group": 2, "pre": "top:7%,width:7%,height:15%", "anim": "top:5%,width:18%,height:37%", "group": 1, "name": "duran pop", "click_animation": null, "waitPrev": true, "triggerNext": true, "used_object_type": "", "target": null, "duration": 200, "force": null, "extended_animation": false, "type": 0, "hover_animation": null, "used_theme_data": 2}}, {"pk": 3, "model": "DataManager.coreanimationdata", "fields": {"order_in_group": 3, "pre": "", "anim": "", "group": 1, "name": "sabri appear", "click_animation": 1, "waitPrev": true, "triggerNext": true, "used_object_type": "", "target": null, "duration": 1, "force": null, "extended_animation": false, "type": 2, "hover_animation": null, "used_theme_data": 3}}, {"pk": 4, "model": "DataManager.coreanimationdata", "fields": {"order_in_group": 4, "pre": "right:2%,top:7%,width:10%,height:15%,z-Index:9999", "anim": "right:0,top:5%,width:20%,height:22%", "group": 1, "name": "sabri pop", "click_animation": null, "waitPrev": true, "triggerNext": true, "used_object_type": "", "target": null, "duration": 200, "force": null, "extended_animation": false, "type": 0, "hover_animation": null, "used_theme_data": 3}}, {"pk": 5, "model": "DataManager.coreanimationdata", "fields": {"order_in_group": 5, "pre": "", "anim": "right:75%", "group": 1, "name": "sabri move", "click_animation": null, "waitPrev": true, "triggerNext": false, "used_object_type": "", "target": null, "duration": 10000, "force": null, "extended_animation": false, "type": 0, "hover_animation": null, "used_theme_data": 3}}, {"pk": 6, "model": "DataManager.coreanimationdata", "fields": {"order_in_group": 6, "pre": "", "anim": "", "group": 1, "name": "finish", "click_animation": null, "waitPrev": false, "triggerNext": true, "used_object_type": "", "target": null, "duration": 800, "force": null, "extended_animation": false, "type": 1, "hover_animation": null, "used_theme_data": null}}, {"pk": 7, "model": "DataManager.coreanimationdata", "fields": {"order_in_group": 1, "pre": "", "anim": "", "group": 2, "name": "car appear", "click_animation": null, "waitPrev": true, "triggerNext": true, "used_object_type": "", "target": null, "duration": 1, "force": null, "extended_animation": false, "type": 2, "hover_animation": null, "used_theme_data": 6}}, {"pk": 8, "model": "DataManager.coreanimationdata", "fields": {"order_in_group": 2, "pre": "right:-{{OBJECT_WIDTH}},top:50%,height:11%,width:30%,z-Index:9999", "anim": "right:100%", "group": 2, "name": "car move", "click_animation": null, "waitPrev": true, "triggerNext": true, "used_object_type": "", "target": null, "duration": 5000, "force": null, "extended_animation": false, "type": 0, "hover_animation": null, "used_theme_data": 6}}, {"pk": 9, "model": "DataManager.coreanimationdata", "fields": {"order_in_group": 1, "pre": "", "anim": "right:100%", "group": 5, "name": "Click Move Left Fast", "click_animation": null, "waitPrev": true, "triggerNext": true, "used_object_type": "", "target": null, "duration": 300, "force": null, "extended_animation": false, "type": 0, "hover_animation": null, "used_theme_data": null}}, {"pk": 10, "model": "DataManager.coreanimationdata", "fields": {"order_in_group": 1, "pre": "", "anim": "", "group": 3, "name": "bg appear", "click_animation": null, "waitPrev": true, "triggerNext": true, "used_object_type": "{{RAND_THEME_BG}}", "target": null, "duration": 1, "force": null, "extended_animation": false, "type": 2, "hover_animation": null, "used_theme_data": null}}, {"pk": 11, "model": "DataManager.coreanimationdata", "fields": {"order_in_group": 2, "pre": "opacity:0,width:120%,height:120%", "anim": "opacity:1", "group": 3, "name": "bg move", "click_animation": null, "waitPrev": true, "triggerNext": false, "used_object_type": "{{THEME_BG}}", "target": null, "duration": 500, "force": null, "extended_animation": false, "type": 0, "hover_animation": null, "used_theme_data": null}}, {"pk": 12, "model": "DataManager.coreanimationdata", "fields": {"order_in_group": 3, "pre": "", "anim": "left:-20%", "group": 3, "name": "bg move", "click_animation": null, "waitPrev": false, "triggerNext": true, "used_object_type": "{{THEME_BG}}", "target": null, "duration": 20000, "force": null, "extended_animation": false, "type": 0, "hover_animation": null, "used_theme_data": null}}, {"pk": 13, "model": "DataManager.coreanimationdata", "fields": {"order_in_group": 1, "pre": "", "anim": "", "group": 6, "name": "Photo Pop", "click_animation": null, "waitPrev": true, "triggerNext": true, "used_object_type": "{{NEXT_USER_PHOTO}}", "target": null, "duration": 1, "force": null, "extended_animation": false, "type": 2, "hover_animation": null, "used_theme_data": null}}, {"pk": 14, "model": "DataManager.coreanimationdata", "fields": {"order_in_group": 2, "pre": "top:40%,left:40%,height:10%", "anim": "top:30%,left:23%,height:30%,width:25%", "group": 6, "name": "Photo Pop", "click_animation": null, "waitPrev": true, "triggerNext": true, "used_object_type": "{{USER_PHOTO}}", "target": null, "duration": 300, "force": null, "extended_animation": false, "type": 0, "hover_animation": null, "used_theme_data": null}}, {"pk": 15, "model": "DataManager.coreanimationdata", "fields": {"order_in_group": 3, "pre": "", "anim": "", "group": 6, "name": "Appear Photo", "click_animation": null, "waitPrev": true, "triggerNext": true, "used_object_type": "{{NEXT_USER_PHOTO}}", "target": null, "duration": 1, "force": null, "extended_animation": false, "type": 2, "hover_animation": null, "used_theme_data": null}}, {"pk": 16, "model": "DataManager.coreanimationdata", "fields": {"order_in_group": 4, "pre": "left:70%,top:70%,height:10%", "anim": "left:47%,top:60%,height:30%,width:25%", "group": 6, "name": "Photo Pop", "click_animation": null, "waitPrev": true, "triggerNext": true, "used_object_type": "{{USER_PHOTO}}", "target": null, "duration": 300, "force": null, "extended_animation": false, "type": 0, "hover_animation": null, "used_theme_data": null}}, {"pk": 17, "model": "DataManager.coreanimationdata", "fields": {"order_in_group": 5, "pre": "", "anim": "", "group": 6, "name": "Photo Appear", "click_animation": null, "waitPrev": true, "triggerNext": true, "used_object_type": "{{NEXT_USER_PHOTO}}", "target": null, "duration": 1, "force": null, "extended_animation": false, "type": 2, "hover_animation": 2, "used_theme_data": null}}, {"pk": 18, "model": "DataManager.coreanimationdata", "fields": {"order_in_group": 6, "pre": "right:20%,top:20%,height:10%", "anim": "right:10%,top:8%,height:40%,width:25%", "group": 6, "name": "Photo Pop", "click_animation": null, "waitPrev": true, "triggerNext": true, "used_object_type": "{{USER_PHOTO}}", "target": null, "duration": 300, "force": null, "extended_animation": false, "type": 0, "hover_animation": null, "used_theme_data": null}}, {"pk": 19, "model": "DataManager.coreanimationdata", "fields": {"order_in_group": 3, "pre": "", "anim": "", "group": 2, "name": "finish", "click_animation": null, "waitPrev": false, "triggerNext": true, "used_object_type": "", "target": null, "duration": 1000, "force": null, "extended_animation": false, "type": 1, "hover_animation": null, "used_theme_data": null}}, {"pk": 21, "model": "DataManager.coreanimationdata", "fields": {"order_in_group": 1, "pre": "", "anim": "scale:1.2", "group": 8, "name": "scale 1.2", "click_animation": null, "waitPrev": false, "triggerNext": true, "used_object_type": "", "target": null, "duration": 500, "force": null, "extended_animation": false, "type": 0, "hover_animation": null, "used_theme_data": null}}, {"pk": 22, "model": "DataManager.coreanimationdata", "fields": {"order_in_group": 1, "pre": "", "anim": "", "group": 7, "name": "Appear Photo", "click_animation": null, "waitPrev": true, "triggerNext": true, "used_object_type": "{{NEXT_USER_PHOTO}}", "target": null, "duration": 1, "force": null, "extended_animation": false, "type": 2, "hover_animation": null, "used_theme_data": null}}, {"pk": 23, "model": "DataManager.coreanimationdata", "fields": {"order_in_group": 2, "pre": "opacity:0", "anim": "opacity:1", "group": 7, "name": "Appear Photo", "click_animation": null, "waitPrev": true, "triggerNext": false, "used_object_type": "{{USER_PHOTO}}", "target": null, "duration": 1000, "force": null, "extended_animation": false, "type": 0, "hover_animation": null, "used_theme_data": null}}, {"pk": 24, "model": "DataManager.coreanimationdata", "fields": {"order_in_group": 3, "pre": "width:30%,height:30%", "anim": "top:30%,left:30%", "group": 7, "name": "move", "click_animation": null, "waitPrev": false, "triggerNext": true, "used_object_type": "{{USER_PHOTO}}", "target": null, "duration": 2000, "force": null, "extended_animation": false, "type": 0, "hover_animation": null, "used_theme_data": null}}, {"pk": 25, "model": "DataManager.coreanimationdata", "fields": {"order_in_group": 1, "pre": "", "anim": "", "group": 9, "name": "Photo Pop", "click_animation": null, "waitPrev": true, "triggerNext": true, "used_object_type": "{{NEXT_USER_PHOTO}}", "target": null, "duration": 1, "force": null, "extended_animation": false, "type": 2, "hover_animation": null, "used_theme_data": null}}, {"pk": 26, "model": "DataManager.coreanimationdata", "fields": {"order_in_group": 2, "pre": "top:50%,left:0%,width:25%,height:25%", "anim": "top:35%,left:35%,perspective:100px,rotateY:720deg", "group": 9, "name": "flip and appear from left", "click_animation": null, "waitPrev": true, "triggerNext": true, "used_object_type": "{{USER_PHOTO}}", "target": null, "duration": 1500, "force": null, "extended_animation": true, "type": 0, "hover_animation": null, "used_theme_data": null}}, {"pk": 27, "model": "DataManager.coreanimationdata", "fields": {"order_in_group": 3, "pre": "", "anim": "", "group": 9, "name": "sleep", "click_animation": null, "waitPrev": true, "triggerNext": true, "used_object_type": "", "target": null, "duration": 2500, "force": null, "extended_animation": false, "type": 1, "hover_animation": null, "used_theme_data": null}}, {"pk": 28, "model": "DataManager.coreanimationdata", "fields": {"order_in_group": 4, "pre": "", "anim": "perspective:100px,rotateY:720deg,left:100%,top:0%", "group": 9, "name": "photo disappear flipping", "click_animation": null, "waitPrev": true, "triggerNext": false, "used_object_type": "{{USER_PHOTO}}", "target": null, "duration": 1000, "force": null, "extended_animation": false, "type": 0, "hover_animation": null, "used_theme_data": null}}, {"pk": 29, "model": "DataManager.coreanimationdata", "fields": {"order_in_group": 5, "pre": "", "anim": "", "group": 9, "name": "show", "click_animation": null, "waitPrev": false, "triggerNext": true, "used_object_type": "{{NEXT_USER_PHOTO}}", "target": null, "duration": 1, "force": null, "extended_animation": false, "type": 2, "hover_animation": null, "used_theme_data": null}}, {"pk": 30, "model": "DataManager.coreanimationdata", "fields": {"order_in_group": 6, "pre": "left:0%,top:10%,width:25%,height:25%", "anim": "left:35%,top:35%,perspective:100px,rotateY:720deg", "group": 9, "name": "flip and appear from left", "click_animation": null, "waitPrev": true, "triggerNext": true, "used_object_type": "{{USER_PHOTO}}", "target": null, "duration": 1500, "force": null, "extended_animation": true, "type": 0, "hover_animation": null, "used_theme_data": null}}, {"pk": 31, "model": "DataManager.coreanimationdata", "fields": {"order_in_group": 7, "pre": "", "anim": "", "group": 9, "name": "sleep", "click_animation": null, "waitPrev": true, "triggerNext": true, "used_object_type": "", "target": null, "duration": 2500, "force": null, "extended_animation": false, "type": 1, "hover_animation": null, "used_theme_data": null}}, {"pk": 1, "model": "DataManager.imageenhancement", "fields": {"example_path": null, "script_path": "frame.sh", "name": "Apply Frame", "parameters": "{{RAND_THEME_FRAME}} {{THEME_DATA_PARAMETER}}"}}, {"pk": 2, "model": "DataManager.imageenhancement", "fields": {"example_path": null, "script_path": "gaussian.sh", "name": "HighPass Filter", "parameters": "-k high -m 10"}}, {"pk": 3, "model": "DataManager.imageenhancement", "fields": {"example_path": null, "script_path": "lichtenstein.sh", "name": "Lichtenstein Burn", "parameters": "-d none -b 1"}}, {"pk": 4, "model": "DataManager.imageenhancement", "fields": {"example_path": null, "script_path": "lichtenstein.sh", "name": "Lichtenstein Cartoon", "parameters": "-d h6x6a"}}, {"pk": 5, "model": "DataManager.imageenhancement", "fields": {"example_path": null, "script_path": "sketch.sh", "name": "BW Sketch", "parameters": "-k desat -c 125 -g"}}, {"pk": 6, "model": "DataManager.imageenhancement", "fields": {"example_path": null, "script_path": "sketch.sh", "name": "Color Sketch", "parameters": "-k gray -c 125"}}, {"pk": 7, "model": "DataManager.imageenhancement", "fields": {"example_path": null, "script_path": "vignette2.sh", "name": "Rect Vignette", "parameters": "-a 25 -d 90 -s roundrectangle"}}, {"pk": 8, "model": "DataManager.imageenhancement", "fields": {"example_path": null, "script_path": "enrich.sh", "name": "Enrich", "parameters": null}}, {"pk": 9, "model": "DataManager.imageenhancement", "fields": {"example_path": null, "script_path": "halo.sh", "name": "Rainbow", "parameters": "-r 100 -w 60 -m 25 -c 100,100"}}, {"pk": 10, "model": "DataManager.imageenhancement", "fields": {"example_path": null, "script_path": "coloration.sh", "name": "Purple", "parameters": "-h 300 -s 50 -l 0"}}, {"pk": 11, "model": "DataManager.imageenhancement", "fields": {"example_path": null, "script_path": "coloration.sh", "name": "Yellow", "parameters": "-h 60 -s 75 -l 0"}}, {"pk": 12, "model": "DataManager.imageenhancement", "fields": {"example_path": null, "script_path": "coloration.sh", "name": "Red", "parameters": "-s 50 -l 0 -h 0"}}, {"pk": 1, "model": "DataManager.enhancementgroup", "fields": {"enhancement_functions": "1", "applicable_to": 0, "name": "70s image enh 1", "post_enhancement": false}}, {"pk": 1, "model": "DataManager.theme", "fields": {"name": "70s", "enhancement_groups": [1]}}, {"pk": 1, "model": "DataManager.themedata", "fields": {"theme": 1, "data_path": "themedata/70s/frame/frame1.png", "type": 1, "parameters": "+30 +30"}}, {"pk": 2, "model": "DataManager.themedata", "fields": {"theme": 1, "data_path": "themedata/70s/stubphoto/duran.png", "type": 2, "parameters": ""}}, {"pk": 3, "model": "DataManager.themedata", "fields": {"theme": 1, "data_path": "themedata/70s/stubphoto/sabri.png", "type": 2, "parameters": ""}}, {"pk": 4, "model": "DataManager.themedata", "fields": {"theme": 1, "data_path": "themedata/70s/stubphoto/lips.png", "type": 2, "parameters": ""}}, {"pk": 5, "model": "DataManager.themedata", "fields": {"theme": 1, "data_path": "themedata/70s/frame/rainbow-frame.png", "type": 1, "parameters": "+0 +0"}}, {"pk": 6, "model": "DataManager.themedata", "fields": {"theme": 1, "data_path": "themedata/70s/stubphoto/red-car.png", "type": 2, "parameters": ""}}, {"pk": 7, "model": "DataManager.themedata", "fields": {"theme": 1, "data_path": "themedata/70s/stubphoto/retro-text.png", "type": 2, "parameters": ""}}, {"pk": 8, "model": "DataManager.themedata", "fields": {"theme": 1, "data_path": "themedata/70s/frame/ugly.png", "type": 1, "parameters": "+10 +10"}}, {"pk": 9, "model": "DataManager.themedata", "fields": {"theme": 1, "data_path": "themedata/70s/stubphoto/kermit.png", "type": 2, "parameters": ""}}, {"pk": 10, "model": "DataManager.themedata", "fields": {"theme": 1, "data_path": "themedata/70s/stubphoto/lava.png", "type": 2, "parameters": ""}}, {"pk": 11, "model": "DataManager.themedata", "fields": {"theme": 1, "data_path": "themedata/70s/background/radio.jpg", "type": 0, "parameters": ""}}, {"pk": 12, "model": "DataManager.themedata", "fields": {"theme": 1, "data_path": "themedata/70s/background/retro.jpg", "type": 0, "parameters": ""}}, {"pk": 13, "model": "DataManager.themedata", "fields": {"theme": 1, "data_path": "themedata/70s/background/record.jpg", "type": 0, "parameters": ""}}, {"pk": 14, "model": "DataManager.themedata", "fields": {"theme": 1, "data_path": "themedata/70s/background/stripe.jpg", "type": 0, "parameters": ""}}, {"pk": 15, "model": "DataManager.themedata", "fields": {"theme": 1, "data_path": "themedata/70s/background/rainbow-car.jpg", "type": 0, "parameters": ""}}, {"pk": 16, "model": "DataManager.themedata", "fields": {"theme": 1, "data_path": "themedata/70s/background/cloud-rainbow.jpg", "type": 0, "parameters": ""}}, {"pk": 1, "model": "DataManager.scenario", "fields": {"name": "70s main", "compatible_themes": [1]}}, {"pk": 1, "model": "DataManager.animationgroup", "fields": {"name": "flying kick", "scenario": 1, "needed_location": 0, "needed_bg": 0, "needed_status": 0, "duration": 1, "needed_music": 0, "type": 3, "needed_photo": 0}}, {"pk": 2, "model": "DataManager.animationgroup", "fields": {"name": "car right-to-left", "scenario": 1, "needed_location": 0, "needed_bg": 0, "needed_status": 0, "duration": 1, "needed_music": 0, "type": 3, "needed_photo": 0}}, {"pk": 3, "model": "DataManager.animationgroup", "fields": {"name": "bg-left", "scenario": 1, "needed_location": 0, "needed_bg": 0, "needed_status": 0, "duration": 20, "needed_music": 0, "type": 0, "needed_photo": 0}}, {"pk": 4, "model": "DataManager.animationgroup", "fields": {"name": "bg-left-top", "scenario": 1, "needed_location": 0, "needed_bg": 0, "needed_status": 0, "duration": 20, "needed_music": 0, "type": 0, "needed_photo": 0}}, {"pk": 5, "model": "DataManager.animationgroup", "fields": {"name": "Click Move Left Fast", "scenario": null, "needed_location": 0, "needed_bg": 0, "needed_status": 0, "duration": 1, "needed_music": 0, "type": 3, "needed_photo": 0}}, {"pk": 6, "model": "DataManager.animationgroup", "fields": {"name": "70s Photo Pop", "scenario": 1, "needed_location": 0, "needed_bg": 0, "needed_status": 0, "duration": 10, "needed_music": 0, "type": 3, "needed_photo": 3}}, {"pk": 7, "model": "DataManager.animationgroup", "fields": {"name": "70s Rotate from sides", "scenario": 1, "needed_location": 0, "needed_bg": 0, "needed_status": 0, "duration": 10, "needed_music": 0, "type": 3, "needed_photo": 2}}, {"pk": 8, "model": "DataManager.animationgroup", "fields": {"name": "Hover scale 1.2", "scenario": null, "needed_location": 0, "needed_bg": 0, "needed_status": 0, "duration": 1, "needed_music": 0, "type": 3, "needed_photo": 0}}, {"pk": 9, "model": "DataManager.animationgroup", "fields": {"name": "Yomoho", "scenario": 1, "needed_location": 0, "needed_bg": 0, "needed_status": 0, "duration": 20, "needed_music": 0, "type": 3, "needed_photo": 4}}, {"pk": 1, "model": "DataManager.userinteractionanimationgroup", "fields": {"disable_further_interaction": false, "stop_current_animation": true, "name": "fast left", "clear_further_animations": false, "animations": 5}}, {"pk": 2, "model": "DataManager.userinteractionanimationgroup", "fields": {"disable_further_interaction": true, "stop_current_animation": false, "name": "scale 1.2", "clear_further_animations": false, "animations": 8}}, {"pk": 58, "model": "DataManager.animationplaystat", "fields": {"date": "2013-01-19T14:51:22.340Z", "momend": 99, "user": 1, "redirect_url": "Direct"}}, {"pk": 59, "model": "DataManager.animationplaystat", "fields": {"date": "2013-01-19T14:51:42.274Z", "momend": 99, "user": 1, "redirect_url": "Direct"}}]