[{"pk": 1, "model": "DataManager.provider", "fields": {"module_name": "", "worker_name": "FacebookProviderWorker", "name": "facebook", "package_name": "FacebookProvider"}}, {"pk": 2, "model": "DataManager.provider", "fields": {"module_name": "", "worker_name": "TwitterProviderWorker", "name": "twitter", "package_name": "TwitterProvider"}}, {"pk": 1, "model": "DataManager.dataenrichmentworker", "fields": {"worker_name": "LinkHater", "applicable_to": 1, "name": "Link Hater", "compatible_with": [1, 2]}}, {"pk": 2, "model": "DataManager.dataenrichmentworker", "fields": {"worker_name": "LikeCounter", "applicable_to": null, "name": "Like Counter", "compatible_with": [1, 2]}}, {"pk": 3, "model": "DataManager.dataenrichmentworker", "fields": {"worker_name": "Randomizer", "applicable_to": null, "name": "Randomizer", "compatible_with": [1, 2]}}, {"pk": 4, "model": "DataManager.dataenrichmentworker", "fields": {"worker_name": "TwitterMentionHater", "applicable_to": 1, "name": "Twitter Mention Hater", "compatible_with": [2]}}, {"pk": 5, "model": "DataManager.dataenrichmentworker", "fields": {"worker_name": "TwitterHashtagRanker", "applicable_to": 1, "name": "Twitter Hashtag Ranker", "compatible_with": [2]}}, {"pk": 6, "model": "DataManager.dataenrichmentworker", "fields": {"worker_name": "CommentCounter", "applicable_to": null, "name": "Comment Counter", "compatible_with": [1, 2]}}, {"pk": 1, "model": "DataManager.dataenrichmentscenario", "fields": {"name": "demo"}}, {"pk": 1, "model": "DataManager.dataenrichmentscenarioitem", "fields": {"worker": 2, "order": 1, "scenario": 1, "multiplier": 20}}, {"pk": 2, "model": "DataManager.dataenrichmentscenarioitem", "fields": {"worker": 6, "order": 2, "scenario": 1, "multiplier": 30}}, {"pk": 3, "model": "DataManager.dataenrichmentscenarioitem", "fields": {"worker": 3, "order": 3, "scenario": 1, "multiplier": 25}}, {"pk": 1, "model": "DataManager.coreanimationdata", "fields": {"order_in_group": 1, "pre": "", "force": null, "anim": "", "group": 1, "name": "duran-appear", "click_animation": null, "waitPrev": true, "triggerNext": true, "delay": 0, "used_object_type": "", "shadow": null, "target": null, "duration": 1, "easing": "", "extended_animation": false, "type": 2, "hover_animation": null, "used_theme_data": 2}}, {"pk": 2, "model": "DataManager.coreanimationdata", "fields": {"order_in_group": 2, "pre": "top:7%,width:7%,height:15%,z-Index:9998", "force": null, "anim": "top:5%,width:18%,height:37%", "group": 1, "name": "duran pop", "click_animation": null, "waitPrev": true, "triggerNext": true, "delay": 0, "used_object_type": "", "shadow": null, "target": null, "duration": 200, "easing": "", "extended_animation": false, "type": 0, "hover_animation": null, "used_theme_data": 2}}, {"pk": 3, "model": "DataManager.coreanimationdata", "fields": {"order_in_group": 3, "pre": "", "force": null, "anim": "", "group": 1, "name": "sabri appear", "click_animation": 1, "waitPrev": true, "triggerNext": true, "delay": 0, "used_object_type": "", "shadow": null, "target": null, "duration": 1, "easing": "", "extended_animation": false, "type": 2, "hover_animation": null, "used_theme_data": 3}}, {"pk": 4, "model": "DataManager.coreanimationdata", "fields": {"order_in_group": 4, "pre": "right:2%,top:7%,width:10%,height:15%,z-Index:9999", "force": null, "anim": "right:0,top:5%,width:20%,height:22%", "group": 1, "name": "sabri pop", "click_animation": null, "waitPrev": true, "triggerNext": true, "delay": 0, "used_object_type": "", "shadow": null, "target": null, "duration": 200, "easing": "", "extended_animation": false, "type": 0, "hover_animation": null, "used_theme_data": 3}}, {"pk": 5, "model": "DataManager.coreanimationdata", "fields": {"order_in_group": 5, "pre": "", "force": null, "anim": "right:75%", "group": 1, "name": "sabri move", "click_animation": null, "waitPrev": true, "triggerNext": false, "delay": 0, "used_object_type": "", "shadow": null, "target": null, "duration": 10000, "easing": "easeInCirc", "extended_animation": false, "type": 0, "hover_animation": null, "used_theme_data": 3}}, {"pk": 6, "model": "DataManager.coreanimationdata", "fields": {"order_in_group": 6, "pre": "", "force": null, "anim": "", "group": 1, "name": "finish", "click_animation": null, "waitPrev": false, "triggerNext": true, "delay": 0, "used_object_type": "", "shadow": null, "target": null, "duration": 1600, "easing": "", "extended_animation": false, "type": 1, "hover_animation": null, "used_theme_data": null}}, {"pk": 7, "model": "DataManager.coreanimationdata", "fields": {"order_in_group": 1, "pre": "", "force": null, "anim": "", "group": 2, "name": "car appear", "click_animation": null, "waitPrev": true, "triggerNext": true, "delay": 0, "used_object_type": "", "shadow": null, "target": null, "duration": 1, "easing": "", "extended_animation": false, "type": 2, "hover_animation": null, "used_theme_data": 6}}, {"pk": 8, "model": "DataManager.coreanimationdata", "fields": {"order_in_group": 2, "pre": "right:-{{OBJECT_WIDTH}},top:50%,height:11%,width:30%,z-Index:9999", "force": null, "anim": "right:100%", "group": 2, "name": "car move", "click_animation": null, "waitPrev": true, "triggerNext": true, "delay": 0, "used_object_type": "", "shadow": null, "target": null, "duration": 5000, "easing": "", "extended_animation": false, "type": 0, "hover_animation": null, "used_theme_data": 6}}, {"pk": 9, "model": "DataManager.coreanimationdata", "fields": {"order_in_group": 1, "pre": "", "force": null, "anim": "right:100%", "group": 5, "name": "Click Move Left Fast", "click_animation": null, "waitPrev": true, "triggerNext": true, "delay": 0, "used_object_type": "", "shadow": null, "target": null, "duration": 300, "easing": "", "extended_animation": false, "type": 0, "hover_animation": null, "used_theme_data": null}}, {"pk": 10, "model": "DataManager.coreanimationdata", "fields": {"order_in_group": 1, "pre": "", "force": null, "anim": "", "group": 3, "name": "bg appear", "click_animation": null, "waitPrev": true, "triggerNext": true, "delay": 0, "used_object_type": "{{RAND_THEME_BG}}", "shadow": null, "target": null, "duration": 1, "easing": "", "extended_animation": false, "type": 2, "hover_animation": null, "used_theme_data": null}}, {"pk": 11, "model": "DataManager.coreanimationdata", "fields": {"order_in_group": 2, "pre": "opacity:0,width:120%,height:120%", "force": null, "anim": "opacity:1", "group": 3, "name": "bg move", "click_animation": null, "waitPrev": true, "triggerNext": false, "delay": 0, "used_object_type": "{{THEME_BG}}", "shadow": null, "target": null, "duration": 500, "easing": "", "extended_animation": false, "type": 0, "hover_animation": null, "used_theme_data": null}}, {"pk": 12, "model": "DataManager.coreanimationdata", "fields": {"order_in_group": 3, "pre": "", "force": null, "anim": "left:-20%", "group": 3, "name": "bg move", "click_animation": null, "waitPrev": false, "triggerNext": false, "delay": 0, "used_object_type": "{{THEME_BG}}", "shadow": null, "target": null, "duration": 20000, "easing": "", "extended_animation": false, "type": 0, "hover_animation": null, "used_theme_data": null}}, {"pk": 21, "model": "DataManager.coreanimationdata", "fields": {"order_in_group": 1, "pre": "", "force": null, "anim": "scale:1.2", "group": 8, "name": "scale 1.2", "click_animation": null, "waitPrev": false, "triggerNext": true, "delay": 0, "used_object_type": "", "shadow": null, "target": null, "duration": 500, "easing": "", "extended_animation": false, "type": 0, "hover_animation": null, "used_theme_data": null}}, {"pk": 25, "model": "DataManager.coreanimationdata", "fields": {"order_in_group": 1, "pre": "", "force": null, "anim": "", "group": 9, "name": "Photo Pop", "click_animation": 5, "waitPrev": true, "triggerNext": true, "delay": 0, "used_object_type": "{{NEXT_USER_PHOTO}}", "shadow": 1, "target": null, "duration": 1, "easing": "", "extended_animation": false, "type": 2, "hover_animation": null, "used_theme_data": null}}, {"pk": 26, "model": "DataManager.coreanimationdata", "fields": {"order_in_group": 2, "pre": "top:50%,left:0%,width:35%,height:50%", "force": null, "anim": "top:33%,left:33%,rotateY:720deg", "group": 9, "name": "flip and appear from left", "click_animation": null, "waitPrev": true, "triggerNext": true, "delay": 0, "used_object_type": "{{USER_PHOTO}}", "shadow": null, "target": null, "duration": 1500, "easing": "", "extended_animation": true, "type": 0, "hover_animation": null, "used_theme_data": null}}, {"pk": 27, "model": "DataManager.coreanimationdata", "fields": {"order_in_group": 3, "pre": "", "force": null, "anim": "", "group": 9, "name": "sleep", "click_animation": null, "waitPrev": true, "triggerNext": true, "delay": 0, "used_object_type": "", "shadow": null, "target": null, "duration": 4000, "easing": "", "extended_animation": false, "type": 1, "hover_animation": null, "used_theme_data": null}}, {"pk": 28, "model": "DataManager.coreanimationdata", "fields": {"order_in_group": 4, "pre": "", "force": null, "anim": "perspective:100px,rotateY:720deg,left:100%,top:0%", "group": 9, "name": "photo disappear flipping", "click_animation": null, "waitPrev": true, "triggerNext": false, "delay": 0, "used_object_type": "{{USER_PHOTO}}", "shadow": null, "target": null, "duration": 1000, "easing": "", "extended_animation": false, "type": 0, "hover_animation": null, "used_theme_data": null}}, {"pk": 29, "model": "DataManager.coreanimationdata", "fields": {"order_in_group": 5, "pre": "", "force": null, "anim": "", "group": 9, "name": "show", "click_animation": null, "waitPrev": false, "triggerNext": true, "delay": 0, "used_object_type": "{{NEXT_USER_PHOTO}}", "shadow": 1, "target": null, "duration": 1, "easing": "", "extended_animation": false, "type": 2, "hover_animation": null, "used_theme_data": null}}, {"pk": 30, "model": "DataManager.coreanimationdata", "fields": {"order_in_group": 6, "pre": "left:0%,top:10%,width:35%,height:50%", "force": null, "anim": "left:33%,top:33%,perspective:100px,rotateY:720deg", "group": 9, "name": "flip and appear from left 2", "click_animation": null, "waitPrev": true, "triggerNext": true, "delay": 0, "used_object_type": "{{USER_PHOTO}}", "shadow": null, "target": null, "duration": 1500, "easing": "", "extended_animation": true, "type": 0, "hover_animation": null, "used_theme_data": null}}, {"pk": 31, "model": "DataManager.coreanimationdata", "fields": {"order_in_group": 7, "pre": "", "force": null, "anim": "", "group": 9, "name": "sleep", "click_animation": null, "waitPrev": true, "triggerNext": true, "delay": 0, "used_object_type": "", "shadow": null, "target": null, "duration": 3000, "easing": "", "extended_animation": false, "type": 1, "hover_animation": null, "used_theme_data": null}}, {"pk": 43, "model": "DataManager.coreanimationdata", "fields": {"order_in_group": 8, "pre": "", "force": null, "anim": "left:100%,perspective:100px,rotateX:720deg", "group": 9, "name": "flip to disappear", "click_animation": null, "waitPrev": true, "triggerNext": false, "delay": 0, "used_object_type": "{{USER_PHOTO}}", "shadow": null, "target": null, "duration": 1000, "easing": "", "extended_animation": true, "type": 0, "hover_animation": null, "used_theme_data": null}}, {"pk": 44, "model": "DataManager.coreanimationdata", "fields": {"order_in_group": 10, "pre": "", "force": null, "anim": "", "group": 9, "name": "show", "click_animation": null, "waitPrev": false, "triggerNext": true, "delay": 0, "used_object_type": "{{NEXT_USER_PHOTO}}", "shadow": 1, "target": null, "duration": 1, "easing": "", "extended_animation": false, "type": 2, "hover_animation": null, "used_theme_data": null}}, {"pk": 45, "model": "DataManager.coreanimationdata", "fields": {"order_in_group": 11, "pre": "left:0%,top:33%,width:35%,height:50%", "force": null, "anim": "left:33%,perspective:100px,rotateX:720deg", "group": 9, "name": "flip and appear from left 3", "click_animation": null, "waitPrev": true, "triggerNext": true, "delay": 0, "used_object_type": "{{USER_PHOTO}}", "shadow": null, "target": null, "duration": 1500, "easing": "", "extended_animation": true, "type": 0, "hover_animation": null, "used_theme_data": null}}, {"pk": 46, "model": "DataManager.coreanimationdata", "fields": {"order_in_group": 12, "pre": "", "force": null, "anim": "", "group": 9, "name": "sleep", "click_animation": null, "waitPrev": true, "triggerNext": true, "delay": 0, "used_object_type": "", "shadow": null, "target": null, "duration": 3000, "easing": "", "extended_animation": false, "type": 1, "hover_animation": null, "used_theme_data": null}}, {"pk": 47, "model": "DataManager.coreanimationdata", "fields": {"order_in_group": 13, "pre": "", "force": null, "anim": "left:100%,perspective:100px,rotateY:720deg", "group": 9, "name": "flip to disappear", "click_animation": null, "waitPrev": true, "triggerNext": true, "delay": 0, "used_object_type": "{{USER_PHOTO}}", "shadow": null, "target": null, "duration": 1000, "easing": "", "extended_animation": true, "type": 0, "hover_animation": null, "used_theme_data": null}}, {"pk": 65, "model": "DataManager.coreanimationdata", "fields": {"order_in_group": 1, "pre": "", "force": null, "anim": "", "group": 12, "name": "Photo show", "click_animation": null, "waitPrev": true, "triggerNext": true, "delay": 0, "used_object_type": "{{NEXT_USER_PHOTO}}", "shadow": 2, "target": null, "duration": 1, "easing": "", "extended_animation": false, "type": 2, "hover_animation": null, "used_theme_data": null}}, {"pk": 66, "model": "DataManager.coreanimationdata", "fields": {"order_in_group": 2, "pre": "top:100%,width:60%,height:60%", "force": null, "anim": "top:-60%", "group": 12, "name": "Photo float up", "click_animation": null, "waitPrev": true, "triggerNext": false, "delay": 0, "used_object_type": "{{USER_PHOTO}}", "shadow": null, "target": null, "duration": 5000, "easing": "", "extended_animation": false, "type": 0, "hover_animation": null, "used_theme_data": null}}, {"pk": 67, "model": "DataManager.coreanimationdata", "fields": {"order_in_group": 3, "pre": "", "force": null, "anim": "widht:80%,height:80%", "group": 12, "name": "increase size", "click_animation": null, "waitPrev": false, "triggerNext": true, "delay": 0, "used_object_type": "{{USER_PHOTO}}", "shadow": null, "target": null, "duration": 3000, "easing": "", "extended_animation": false, "type": 0, "hover_animation": null, "used_theme_data": null}}, {"pk": 68, "model": "DataManager.coreanimationdata", "fields": {"order_in_group": 4, "pre": "", "force": null, "anim": "width:10px,height:10px,left:25%", "group": 12, "name": "smaller", "click_animation": null, "waitPrev": true, "triggerNext": false, "delay": 0, "used_object_type": "{{USER_PHOTO}}", "shadow": null, "target": null, "duration": 2000, "easing": "", "extended_animation": false, "type": 0, "hover_animation": null, "used_theme_data": null}}, {"pk": 69, "model": "DataManager.coreanimationdata", "fields": {"order_in_group": 5, "pre": "", "force": null, "anim": "", "group": 12, "name": "show", "click_animation": null, "waitPrev": false, "triggerNext": true, "delay": 0, "used_object_type": "{{NEXT_USER_PHOTO}}", "shadow": 2, "target": null, "duration": 1, "easing": "", "extended_animation": false, "type": 2, "hover_animation": null, "used_theme_data": null}}, {"pk": 70, "model": "DataManager.coreanimationdata", "fields": {"order_in_group": 6, "pre": "left:45%,top:100%", "force": null, "anim": "top:-50%", "group": 12, "name": "float up", "click_animation": null, "waitPrev": true, "triggerNext": false, "delay": 0, "used_object_type": "{{USER_PHOTO}}", "shadow": null, "target": null, "duration": 5000, "easing": "", "extended_animation": false, "type": 0, "hover_animation": null, "used_theme_data": null}}, {"pk": 71, "model": "DataManager.coreanimationdata", "fields": {"order_in_group": 7, "pre": "width:50%,height:50%", "force": null, "anim": "width:80%,height:80%", "group": 12, "name": "photo disappear", "click_animation": null, "waitPrev": false, "triggerNext": true, "delay": 0, "used_object_type": "{{USER_PHOTO}}", "shadow": null, "target": null, "duration": 3000, "easing": "", "extended_animation": false, "type": 0, "hover_animation": null, "used_theme_data": null}}, {"pk": 72, "model": "DataManager.coreanimationdata", "fields": {"order_in_group": 8, "pre": "", "force": null, "anim": "width:10px,height:10px", "group": 12, "name": "disappear", "click_animation": null, "waitPrev": true, "triggerNext": false, "delay": 0, "used_object_type": "{{USER_PHOTO}}", "shadow": null, "target": null, "duration": 2000, "easing": "", "extended_animation": false, "type": 0, "hover_animation": null, "used_theme_data": null}}, {"pk": 73, "model": "DataManager.coreanimationdata", "fields": {"order_in_group": 9, "pre": "", "force": null, "anim": "", "group": 12, "name": "show", "click_animation": null, "waitPrev": false, "triggerNext": true, "delay": 0, "used_object_type": "{{NEXT_USER_PHOTO}}", "shadow": 2, "target": null, "duration": 1, "easing": "", "extended_animation": false, "type": 2, "hover_animation": null, "used_theme_data": null}}, {"pk": 74, "model": "DataManager.coreanimationdata", "fields": {"order_in_group": 10, "pre": "top:100%,left:25%", "force": null, "anim": "top:-50%", "group": 12, "name": "float up", "click_animation": null, "waitPrev": true, "triggerNext": true, "delay": 0, "used_object_type": "{{USER_PHOTO}}", "shadow": null, "target": null, "duration": 5000, "easing": "", "extended_animation": false, "type": 0, "hover_animation": null, "used_theme_data": null}}, {"pk": 75, "model": "DataManager.coreanimationdata", "fields": {"order_in_group": 11, "pre": "width:30%,height:30%", "force": null, "anim": "width:70%,height:70%", "group": 12, "name": "increase size", "click_animation": null, "waitPrev": false, "triggerNext": true, "delay": 0, "used_object_type": "{{USER_PHOTO}}", "shadow": null, "target": null, "duration": 3000, "easing": "", "extended_animation": false, "type": 0, "hover_animation": null, "used_theme_data": null}}, {"pk": 76, "model": "DataManager.coreanimationdata", "fields": {"order_in_group": 12, "pre": "", "force": null, "anim": "width:10px,height:10px", "group": 12, "name": "shrink", "click_animation": null, "waitPrev": true, "triggerNext": false, "delay": 0, "used_object_type": "{{USER_PHOTO}}", "shadow": null, "target": null, "duration": 2000, "easing": "", "extended_animation": false, "type": 0, "hover_animation": null, "used_theme_data": null}}, {"pk": 77, "model": "DataManager.coreanimationdata", "fields": {"order_in_group": 13, "pre": "", "force": null, "anim": "", "group": 12, "name": "show", "click_animation": null, "waitPrev": false, "triggerNext": true, "delay": 0, "used_object_type": "{{NEXT_USER_PHOTO}}", "shadow": 2, "target": null, "duration": 1, "easing": "", "extended_animation": false, "type": 2, "hover_animation": null, "used_theme_data": null}}, {"pk": 78, "model": "DataManager.coreanimationdata", "fields": {"order_in_group": 14, "pre": "left:20%,top:100%", "force": null, "anim": "top:-50%", "group": 12, "name": "float up", "click_animation": null, "waitPrev": true, "triggerNext": false, "delay": 0, "used_object_type": "{{USER_PHOTO}}", "shadow": null, "target": null, "duration": 5000, "easing": "", "extended_animation": false, "type": 0, "hover_animation": null, "used_theme_data": null}}, {"pk": 79, "model": "DataManager.coreanimationdata", "fields": {"order_in_group": 15, "pre": "width:10%,height:10%", "force": null, "anim": "width:80%,height:80%", "group": 12, "name": "increase size", "click_animation": null, "waitPrev": false, "triggerNext": true, "delay": 0, "used_object_type": "{{USER_PHOTO}}", "shadow": null, "target": null, "duration": 3000, "easing": "", "extended_animation": false, "type": 0, "hover_animation": null, "used_theme_data": null}}, {"pk": 80, "model": "DataManager.coreanimationdata", "fields": {"order_in_group": 16, "pre": "", "force": null, "anim": "width:10px,height:10px,left:35%", "group": 12, "name": "shrink", "click_animation": null, "waitPrev": true, "triggerNext": false, "delay": 0, "used_object_type": "{{USER_PHOTO}}", "shadow": null, "target": null, "duration": 2000, "easing": "", "extended_animation": false, "type": 0, "hover_animation": null, "used_theme_data": null}}, {"pk": 82, "model": "DataManager.coreanimationdata", "fields": {"order_in_group": 2, "pre": "width:15%,height:30%,top:50%,left:100%,z-Index:9998", "force": null, "anim": "left:85%", "group": 13, "name": "come in", "click_animation": null, "waitPrev": true, "triggerNext": true, "delay": 0, "used_object_type": "", "shadow": null, "target": null, "duration": 300, "easing": "", "extended_animation": false, "type": 0, "hover_animation": null, "used_theme_data": 18}}, {"pk": 84, "model": "DataManager.coreanimationdata", "fields": {"order_in_group": 1, "pre": "opacity:1", "force": null, "anim": "left:-40%", "group": 14, "name": "fire the gun", "click_animation": null, "waitPrev": true, "triggerNext": true, "delay": 0, "used_object_type": "", "shadow": null, "target": null, "duration": 500, "easing": "", "extended_animation": false, "type": 0, "hover_animation": null, "used_theme_data": null}}, {"pk": 85, "model": "DataManager.coreanimationdata", "fields": {"order_in_group": 3, "pre": "", "force": null, "anim": "", "group": 13, "name": "laser show", "click_animation": 3, "waitPrev": true, "triggerNext": true, "delay": 0, "used_object_type": "", "shadow": null, "target": null, "duration": 1, "easing": "", "extended_animation": false, "type": 2, "hover_animation": null, "used_theme_data": 19}}, {"pk": 86, "model": "DataManager.coreanimationdata", "fields": {"order_in_group": 4, "pre": "opacity:0,z-Index:9999", "force": null, "anim": "width:15%,height:30%,top:50%,left:85%", "group": 13, "name": "laser to position", "click_animation": null, "waitPrev": true, "triggerNext": true, "delay": 0, "used_object_type": "", "shadow": null, "target": null, "duration": 1, "easing": "", "extended_animation": false, "type": 0, "hover_animation": null, "used_theme_data": 19}}, {"pk": 87, "model": "DataManager.coreanimationdata", "fields": {"order_in_group": 1, "pre": "", "force": null, "anim": "", "group": 13, "name": "trooper show", "click_animation": null, "waitPrev": true, "triggerNext": true, "delay": 0, "used_object_type": "", "shadow": null, "target": null, "duration": 1, "easing": "", "extended_animation": false, "type": 2, "hover_animation": null, "used_theme_data": 18}}, {"pk": 88, "model": "DataManager.coreanimationdata", "fields": {"order_in_group": 2, "pre": "opacity:0", "force": null, "anim": "left:85%", "group": 14, "name": "", "click_animation": null, "waitPrev": true, "triggerNext": false, "delay": 0, "used_object_type": "", "shadow": null, "target": null, "duration": 1, "easing": "", "extended_animation": false, "type": 0, "hover_animation": null, "used_theme_data": null}}, {"pk": 89, "model": "DataManager.coreanimationdata", "fields": {"order_in_group": 5, "pre": "", "force": null, "anim": "", "group": 13, "name": "laser2 show", "click_animation": 3, "waitPrev": true, "triggerNext": true, "delay": 0, "used_object_type": "", "shadow": null, "target": null, "duration": 1, "easing": "", "extended_animation": false, "type": 2, "hover_animation": null, "used_theme_data": 22}}, {"pk": 90, "model": "DataManager.coreanimationdata", "fields": {"order_in_group": 6, "pre": "opacity:0,z-Index:9999", "force": null, "anim": "width:15%,height:30%,top:50%,left:85%", "group": 13, "name": "laser2 to position", "click_animation": null, "waitPrev": true, "triggerNext": true, "delay": 0, "used_object_type": "", "shadow": null, "target": null, "duration": 1, "easing": "", "extended_animation": false, "type": 0, "hover_animation": null, "used_theme_data": 22}}, {"pk": 91, "model": "DataManager.coreanimationdata", "fields": {"order_in_group": 1, "pre": "", "force": null, "anim": "", "group": 15, "name": "show r2", "click_animation": null, "waitPrev": true, "triggerNext": true, "delay": 0, "used_object_type": "", "shadow": null, "target": null, "duration": 1, "easing": "", "extended_animation": false, "type": 2, "hover_animation": null, "used_theme_data": 21}}, {"pk": 92, "model": "DataManager.coreanimationdata", "fields": {"order_in_group": 2, "pre": "top:-30%,left:40%,width:25%,height:30%", "force": null, "anim": "top:50%,left:125%", "group": 15, "name": "move r2", "click_animation": null, "waitPrev": true, "triggerNext": true, "delay": 0, "used_object_type": "", "shadow": null, "target": null, "duration": 4000, "easing": "", "extended_animation": false, "type": 0, "hover_animation": null, "used_theme_data": 21}}, {"pk": 93, "model": "DataManager.coreanimationdata", "fields": {"order_in_group": 7, "pre": "", "force": null, "anim": "opacity:0", "group": 1, "name": "duran hide", "click_animation": null, "waitPrev": false, "triggerNext": false, "delay": 10000, "used_object_type": "", "shadow": null, "target": null, "duration": 300, "easing": "", "extended_animation": false, "type": 3, "hover_animation": null, "used_theme_data": 2}}, {"pk": 94, "model": "DataManager.coreanimationdata", "fields": {"order_in_group": 8, "pre": "", "force": null, "anim": "opacity:0", "group": 1, "name": "sabri hide", "click_animation": null, "waitPrev": false, "triggerNext": false, "delay": 10000, "used_object_type": "", "shadow": null, "target": null, "duration": 500, "easing": "", "extended_animation": false, "type": 3, "hover_animation": null, "used_theme_data": 3}}, {"pk": 95, "model": "DataManager.coreanimationdata", "fields": {"order_in_group": 1, "pre": "", "force": null, "anim": "", "group": 16, "name": "show", "click_animation": null, "waitPrev": true, "triggerNext": true, "delay": 0, "used_object_type": "{{NEXT_USER_PHOTO}}", "shadow": 2, "target": null, "duration": 1, "easing": "", "extended_animation": false, "type": 2, "hover_animation": null, "used_theme_data": null}}, {"pk": 96, "model": "DataManager.coreanimationdata", "fields": {"order_in_group": 2, "pre": "width:80%,height:80%,top:10%,left:10%,opacity:0", "force": null, "anim": "opacity:1", "group": 16, "name": "Photo Pop", "click_animation": null, "waitPrev": true, "triggerNext": true, "delay": 0, "used_object_type": "{{USER_PHOTO}}", "shadow": null, "target": null, "duration": 500, "easing": "", "extended_animation": false, "type": 0, "hover_animation": null, "used_theme_data": null}}, {"pk": 97, "model": "DataManager.coreanimationdata", "fields": {"order_in_group": 3, "pre": "", "force": null, "anim": "", "group": 16, "name": "status show", "click_animation": null, "waitPrev": true, "triggerNext": true, "delay": 0, "used_object_type": "{{NEXT_USER_STATUS}}", "shadow": null, "target": null, "duration": 1, "easing": "", "extended_animation": false, "type": 2, "hover_animation": null, "used_theme_data": null}}, {"pk": 98, "model": "DataManager.coreanimationdata", "fields": {"order_in_group": 4, "pre": "width:30%,left:-30%,top:-10%", "force": null, "anim": "left:15%,top:15%", "group": 16, "name": "status come in left top", "click_animation": null, "waitPrev": true, "triggerNext": true, "delay": 0, "used_object_type": "{{USER_STATUS}}", "shadow": null, "target": null, "duration": 500, "easing": "", "extended_animation": false, "type": 0, "hover_animation": null, "used_theme_data": null}}, {"pk": 99, "model": "DataManager.coreanimationdata", "fields": {"order_in_group": 5, "pre": "", "force": null, "anim": "left:-40%", "group": 16, "name": "hide status 1", "click_animation": null, "waitPrev": false, "triggerNext": false, "delay": 8000, "used_object_type": "{{USER_STATUS}}", "shadow": null, "target": null, "duration": 500, "easing": "", "extended_animation": false, "type": 3, "hover_animation": null, "used_theme_data": null}}, {"pk": 100, "model": "DataManager.coreanimationdata", "fields": {"order_in_group": 6, "pre": "", "force": null, "anim": "left:5%", "group": 16, "name": "float status 1", "click_animation": null, "waitPrev": true, "triggerNext": false, "delay": 0, "used_object_type": "{{USER_STATUS}}", "shadow": null, "target": null, "duration": 8500, "easing": "", "extended_animation": false, "type": 0, "hover_animation": null, "used_theme_data": null}}, {"pk": 101, "model": "DataManager.coreanimationdata", "fields": {"order_in_group": 7, "pre": "", "force": null, "anim": "", "group": 16, "name": "status appear", "click_animation": null, "waitPrev": false, "triggerNext": true, "delay": 0, "used_object_type": "{{NEXT_USER_STATUS}}", "shadow": null, "target": null, "duration": 1, "easing": "", "extended_animation": false, "type": 2, "hover_animation": null, "used_theme_data": null}}, {"pk": 102, "model": "DataManager.coreanimationdata", "fields": {"order_in_group": 8, "pre": "left:100%,top:-30%,width:30%", "force": null, "anim": "left:60%,top:25%", "group": 16, "name": "status appear", "click_animation": null, "waitPrev": true, "triggerNext": true, "delay": 0, "used_object_type": "{{USER_STATUS}}", "shadow": null, "target": null, "duration": 500, "easing": "", "extended_animation": false, "type": 0, "hover_animation": null, "used_theme_data": null}}, {"pk": 103, "model": "DataManager.coreanimationdata", "fields": {"order_in_group": 9, "pre": "", "force": null, "anim": "left:-40%", "group": 16, "name": "status 2 hide", "click_animation": null, "waitPrev": false, "triggerNext": false, "delay": 8000, "used_object_type": "{{USER_STATUS}}", "shadow": null, "target": null, "duration": 500, "easing": "", "extended_animation": false, "type": 3, "hover_animation": null, "used_theme_data": null}}, {"pk": 104, "model": "DataManager.coreanimationdata", "fields": {"order_in_group": 10, "pre": "", "force": null, "anim": "left:50%", "group": 16, "name": "status 2 float", "click_animation": null, "waitPrev": true, "triggerNext": false, "delay": 0, "used_object_type": "{{USER_STATUS}}", "shadow": null, "target": null, "duration": 8000, "easing": "", "extended_animation": false, "type": 0, "hover_animation": null, "used_theme_data": null}}, {"pk": 105, "model": "DataManager.coreanimationdata", "fields": {"order_in_group": 11, "pre": "", "force": null, "anim": "", "group": 16, "name": "status appear", "click_animation": null, "waitPrev": false, "triggerNext": true, "delay": 0, "used_object_type": "{{NEXT_USER_STATUS}}", "shadow": null, "target": null, "duration": 1, "easing": "", "extended_animation": false, "type": 2, "hover_animation": null, "used_theme_data": null}}, {"pk": 106, "model": "DataManager.coreanimationdata", "fields": {"order_in_group": 12, "pre": "left:100%,top:110%,width:30%", "force": null, "anim": "left:60%,top:70%", "group": 16, "name": "status appear", "click_animation": null, "waitPrev": true, "triggerNext": true, "delay": 0, "used_object_type": "{{USER_STATUS}}", "shadow": null, "target": null, "duration": 500, "easing": "", "extended_animation": false, "type": 0, "hover_animation": null, "used_theme_data": null}}, {"pk": 107, "model": "DataManager.coreanimationdata", "fields": {"order_in_group": 13, "pre": "", "force": null, "anim": "left:-40%", "group": 16, "name": "status 3 hide", "click_animation": null, "waitPrev": false, "triggerNext": false, "delay": 7500, "used_object_type": "{{USER_STATUS}}", "shadow": null, "target": null, "duration": 500, "easing": "", "extended_animation": false, "type": 3, "hover_animation": null, "used_theme_data": null}}, {"pk": 108, "model": "DataManager.coreanimationdata", "fields": {"order_in_group": 14, "pre": "", "force": null, "anim": "left:50%", "group": 16, "name": "status 3 float", "click_animation": null, "waitPrev": true, "triggerNext": false, "delay": 0, "used_object_type": "{{USER_STATUS}}", "shadow": null, "target": null, "duration": 8000, "easing": "", "extended_animation": false, "type": 0, "hover_animation": null, "used_theme_data": null}}, {"pk": 109, "model": "DataManager.coreanimationdata", "fields": {"order_in_group": 15, "pre": "", "force": null, "anim": "", "group": 16, "name": "status show", "click_animation": null, "waitPrev": false, "triggerNext": true, "delay": 0, "used_object_type": "{{NEXT_USER_STATUS}}", "shadow": null, "target": null, "duration": 1, "easing": "", "extended_animation": false, "type": 2, "hover_animation": null, "used_theme_data": null}}, {"pk": 110, "model": "DataManager.coreanimationdata", "fields": {"order_in_group": 16, "pre": "width:30%,left:-30%,top:110%", "force": null, "anim": "left:15%,top:70%", "group": 16, "name": "status come in left bottom", "click_animation": null, "waitPrev": true, "triggerNext": true, "delay": 0, "used_object_type": "{{USER_STATUS}}", "shadow": null, "target": null, "duration": 500, "easing": "", "extended_animation": false, "type": 0, "hover_animation": null, "used_theme_data": null}}, {"pk": 111, "model": "DataManager.coreanimationdata", "fields": {"order_in_group": 17, "pre": "", "force": null, "anim": "left:-40%", "group": 16, "name": "hide status 4", "click_animation": null, "waitPrev": false, "triggerNext": false, "delay": 7000, "used_object_type": "{{USER_STATUS}}", "shadow": null, "target": null, "duration": 500, "easing": "", "extended_animation": false, "type": 3, "hover_animation": null, "used_theme_data": null}}, {"pk": 112, "model": "DataManager.coreanimationdata", "fields": {"order_in_group": 18, "pre": "", "force": null, "anim": "left:5%", "group": 16, "name": "float status 4", "click_animation": null, "waitPrev": true, "triggerNext": true, "delay": 0, "used_object_type": "{{USER_STATUS}}", "shadow": null, "target": null, "duration": 8000, "easing": "", "extended_animation": false, "type": 0, "hover_animation": null, "used_theme_data": null}}, {"pk": 113, "model": "DataManager.coreanimationdata", "fields": {"order_in_group": 1, "pre": "", "force": null, "anim": "", "group": 10, "name": "music 1 play", "click_animation": null, "waitPrev": false, "triggerNext": true, "delay": 0, "used_object_type": "{{RAND_THEME_MUSIC}}", "shadow": null, "target": null, "duration": 0, "easing": "", "extended_animation": false, "type": 10, "hover_animation": null, "used_theme_data": null}}, {"pk": 114, "model": "DataManager.coreanimationdata", "fields": {"order_in_group": 2, "pre": "", "force": null, "anim": "", "group": 10, "name": "", "click_animation": null, "waitPrev": true, "triggerNext": true, "delay": 0, "used_object_type": "{{THEME_MUSIC}}", "shadow": null, "target": null, "duration": 2000, "easing": "", "extended_animation": false, "type": 14, "hover_animation": null, "used_theme_data": null}}, {"pk": 115, "model": "DataManager.coreanimationdata", "fields": {"order_in_group": 1, "pre": "", "force": null, "anim": "", "group": 17, "name": "bg show", "click_animation": null, "waitPrev": true, "triggerNext": true, "delay": 0, "used_object_type": "{{RAND_THEME_BG}}", "shadow": null, "target": null, "duration": 1, "easing": "", "extended_animation": false, "type": 2, "hover_animation": null, "used_theme_data": null}}, {"pk": 116, "model": "DataManager.coreanimationdata", "fields": {"order_in_group": 2, "pre": "width:120%,height:120%,opacity:0", "force": null, "anim": "opacity:1", "group": 17, "name": "Appear Bg", "click_animation": null, "waitPrev": true, "triggerNext": true, "delay": 0, "used_object_type": "{{THEME_BG}}", "shadow": null, "target": null, "duration": 1000, "easing": "", "extended_animation": false, "type": 0, "hover_animation": null, "used_theme_data": null}}, {"pk": 117, "model": "DataManager.coreanimationdata", "fields": {"order_in_group": 3, "pre": "", "force": null, "anim": "left:-20%,top:-20%", "group": 17, "name": "bg move topleft", "click_animation": null, "waitPrev": true, "triggerNext": true, "delay": 0, "used_object_type": "{{THEME_BG}}", "shadow": null, "target": null, "duration": 20000, "easing": "", "extended_animation": false, "type": 0, "hover_animation": null, "used_theme_data": null}}, {"pk": 118, "model": "DataManager.coreanimationdata", "fields": {"order_in_group": 4, "pre": "", "force": null, "anim": "opacity:0", "group": 17, "name": "bg hide", "click_animation": null, "waitPrev": false, "triggerNext": true, "delay": 19000, "used_object_type": "{{THEME_BG}}", "shadow": null, "target": null, "duration": 1000, "easing": "", "extended_animation": false, "type": 3, "hover_animation": null, "used_theme_data": null}}, {"pk": 120, "model": "DataManager.coreanimationdata", "fields": {"order_in_group": 1, "pre": "", "force": null, "anim": "", "group": 18, "name": "bg show", "click_animation": null, "waitPrev": true, "triggerNext": true, "delay": 0, "used_object_type": "{{RAND_THEME_BG}}", "shadow": null, "target": null, "duration": 1, "easing": "", "extended_animation": false, "type": 2, "hover_animation": null, "used_theme_data": null}}, {"pk": 121, "model": "DataManager.coreanimationdata", "fields": {"order_in_group": 2, "pre": "width:120%,height:120%,opacity:0,top:-20%", "force": null, "anim": "opacity:1", "group": 18, "name": "Appear Bg", "click_animation": null, "waitPrev": true, "triggerNext": true, "delay": 0, "used_object_type": "{{THEME_BG}}", "shadow": null, "target": null, "duration": 1000, "easing": "", "extended_animation": false, "type": 0, "hover_animation": null, "used_theme_data": null}}, {"pk": 122, "model": "DataManager.coreanimationdata", "fields": {"order_in_group": 3, "pre": "", "force": null, "anim": "left:-20%,top:0", "group": 18, "name": "bg move bottom left", "click_animation": null, "waitPrev": true, "triggerNext": true, "delay": 0, "used_object_type": "{{THEME_BG}}", "shadow": null, "target": null, "duration": 20000, "easing": "", "extended_animation": false, "type": 0, "hover_animation": null, "used_theme_data": null}}, {"pk": 125, "model": "DataManager.coreanimationdata", "fields": {"order_in_group": 1, "pre": "", "force": null, "anim": "opacity:0", "group": 19, "name": "", "click_animation": null, "waitPrev": true, "triggerNext": true, "delay": 0, "used_object_type": "", "shadow": null, "target": null, "duration": 500, "easing": "", "extended_animation": false, "type": 0, "hover_animation": null, "used_theme_data": null}}, {"pk": 126, "model": "DataManager.coreanimationdata", "fields": {"order_in_group": 1, "pre": "", "force": null, "anim": "left:100%,rotateY:720deg", "group": 20, "name": "", "click_animation": null, "waitPrev": true, "triggerNext": true, "delay": 0, "used_object_type": "", "shadow": null, "target": null, "duration": 0, "easing": "", "extended_animation": true, "type": 0, "hover_animation": null, "used_theme_data": null}}, {"pk": 127, "model": "DataManager.coreanimationdata", "fields": {"order_in_group": 1, "pre": "", "force": null, "anim": "left:-{{OBJECT_WIDTH}},opacity:0", "group": 21, "name": "fast left (left)", "click_animation": null, "waitPrev": true, "triggerNext": true, "delay": 0, "used_object_type": "", "shadow": null, "target": null, "duration": 500, "easing": "", "extended_animation": false, "type": 0, "hover_animation": null, "used_theme_data": null}}, {"pk": 128, "model": "DataManager.coreanimationdata", "fields": {"order_in_group": 1, "pre": "", "force": null, "anim": "", "group": 22, "name": "Photo1 Show", "click_animation": 7, "waitPrev": true, "triggerNext": true, "delay": 0, "used_object_type": "{{NEXT_USER_PHOTO}}", "shadow": 1, "target": null, "duration": 1, "easing": "", "extended_animation": false, "type": 2, "hover_animation": null, "used_theme_data": null}}, {"pk": 129, "model": "DataManager.coreanimationdata", "fields": {"order_in_group": 2, "pre": "width:25%,height:25%,left:70%,top:15%,opacity:0", "force": null, "anim": "width:40%,height:40%,top:10%,left:60%,opacity:1", "group": 22, "name": "Photo1 Pop", "click_animation": null, "waitPrev": true, "triggerNext": true, "delay": 0, "used_object_type": "{{USER_PHOTO}}", "shadow": null, "target": null, "duration": 200, "easing": "", "extended_animation": false, "type": 0, "hover_animation": null, "used_theme_data": null}}, {"pk": 131, "model": "DataManager.coreanimationdata", "fields": {"order_in_group": 4, "pre": "", "force": null, "anim": "left:-=3%", "group": 22, "name": "Photo1 Float", "click_animation": null, "waitPrev": true, "triggerNext": false, "delay": 0, "used_object_type": "{{USER_PHOTO}}", "shadow": null, "target": null, "duration": 10000, "easing": "", "extended_animation": false, "type": 0, "hover_animation": null, "used_theme_data": null}}, {"pk": 132, "model": "DataManager.coreanimationdata", "fields": {"order_in_group": 5, "pre": "", "force": null, "anim": "", "group": 22, "name": "Photo2 Show", "click_animation": 7, "waitPrev": false, "triggerNext": true, "delay": 0, "used_object_type": "{{NEXT_USER_PHOTO}}", "shadow": 1, "target": null, "duration": 0, "easing": "", "extended_animation": false, "type": 2, "hover_animation": null, "used_theme_data": null}}, {"pk": 133, "model": "DataManager.coreanimationdata", "fields": {"order_in_group": 6, "pre": "top:75%,left:15%,height:25%,width:25%,opacity:0", "force": null, "anim": "opacity:1,width:40%,height:40%,left:10%,top:60%", "group": 22, "name": "Photo2 Pop", "click_animation": null, "waitPrev": true, "triggerNext": true, "delay": 0, "used_object_type": "{{USER_PHOTO}}", "shadow": null, "target": null, "duration": 200, "easing": "", "extended_animation": false, "type": 0, "hover_animation": null, "used_theme_data": null}}, {"pk": 135, "model": "DataManager.coreanimationdata", "fields": {"order_in_group": 8, "pre": "", "force": null, "anim": "left:-=3%", "group": 22, "name": "Photo2 Float", "click_animation": null, "waitPrev": true, "triggerNext": false, "delay": 0, "used_object_type": "{{USER_PHOTO}}", "shadow": null, "target": null, "duration": 9800, "easing": "", "extended_animation": false, "type": 0, "hover_animation": null, "used_theme_data": null}}, {"pk": 137, "model": "DataManager.coreanimationdata", "fields": {"order_in_group": 9, "pre": "", "force": null, "anim": "", "group": 22, "name": "Photo3Show", "click_animation": 8, "waitPrev": false, "triggerNext": true, "delay": 0, "used_object_type": "{{NEXT_USER_PHOTO}}", "shadow": 1, "target": null, "duration": 0, "easing": "", "extended_animation": false, "type": 2, "hover_animation": null, "used_theme_data": null}}, {"pk": 138, "model": "DataManager.coreanimationdata", "fields": {"order_in_group": 10, "pre": "top:75%,left:75%,height:25%,width:25%,opacity:0", "force": null, "anim": "opacity:1,width:40%,height:40%,left:60%,top:60%", "group": 22, "name": "Photo3 Pop", "click_animation": null, "waitPrev": true, "triggerNext": true, "delay": 0, "used_object_type": "{{USER_PHOTO}}", "shadow": null, "target": null, "duration": 200, "easing": "", "extended_animation": false, "type": 0, "hover_animation": null, "used_theme_data": null}}, {"pk": 140, "model": "DataManager.coreanimationdata", "fields": {"order_in_group": 12, "pre": "", "force": null, "anim": "left:-=3%", "group": 22, "name": "Photo3 Float", "click_animation": null, "waitPrev": true, "triggerNext": false, "delay": 0, "used_object_type": "{{USER_PHOTO}}", "shadow": null, "target": null, "duration": 9600, "easing": "", "extended_animation": false, "type": 0, "hover_animation": null, "used_theme_data": null}}, {"pk": 141, "model": "DataManager.coreanimationdata", "fields": {"order_in_group": 13, "pre": "", "force": null, "anim": "", "group": 22, "name": "Photo4 Show", "click_animation": 4, "waitPrev": false, "triggerNext": true, "delay": 0, "used_object_type": "{{NEXT_USER_PHOTO}}", "shadow": 1, "target": null, "duration": 0, "easing": "", "extended_animation": false, "type": 2, "hover_animation": null, "used_theme_data": null}}, {"pk": 142, "model": "DataManager.coreanimationdata", "fields": {"order_in_group": 14, "pre": "width:25%,height:25%,left:20%,top:15%,opacity:0", "force": null, "anim": "width:40%,height:40%,top:10%,left:10%,opacity:1", "group": 22, "name": "Photo4 Pop", "click_animation": null, "waitPrev": true, "triggerNext": true, "delay": 0, "used_object_type": "{{USER_PHOTO}}", "shadow": null, "target": null, "duration": 200, "easing": "", "extended_animation": false, "type": 0, "hover_animation": null, "used_theme_data": null}}, {"pk": 143, "model": "DataManager.coreanimationdata", "fields": {"order_in_group": 16, "pre": "", "force": null, "anim": "left:-=3%", "group": 22, "name": "Photo4 Float", "click_animation": null, "waitPrev": true, "triggerNext": false, "delay": 0, "used_object_type": "{{USER_PHOTO}}", "shadow": null, "target": null, "duration": 9400, "easing": "", "extended_animation": false, "type": 0, "hover_animation": null, "used_theme_data": null}}, {"pk": 144, "model": "DataManager.coreanimationdata", "fields": {"order_in_group": 17, "pre": "", "force": null, "anim": "", "group": 22, "name": "Sleep before 5", "click_animation": null, "waitPrev": false, "triggerNext": true, "delay": 0, "used_object_type": "", "shadow": null, "target": null, "duration": 2000, "easing": "", "extended_animation": false, "type": 1, "hover_animation": null, "used_theme_data": null}}, {"pk": 145, "model": "DataManager.coreanimationdata", "fields": {"order_in_group": 18, "pre": "", "force": null, "anim": "", "group": 22, "name": "Photo5 Show", "click_animation": 8, "waitPrev": true, "triggerNext": true, "delay": 0, "used_object_type": "{{NEXT_USER_PHOTO}}", "shadow": 2, "target": null, "duration": 0, "easing": "", "extended_animation": false, "type": 2, "hover_animation": null, "used_theme_data": null}}, {"pk": 146, "model": "DataManager.coreanimationdata", "fields": {"order_in_group": 19, "pre": "width:35%,height:35%,left:30%,top:25%,opacity:0", "force": null, "anim": "width:50%,height:60%,top:15%,left:25%,opacity:1", "group": 22, "name": "Photo5 Pop", "click_animation": null, "waitPrev": true, "triggerNext": true, "delay": 0, "used_object_type": "{{USER_PHOTO}}", "shadow": null, "target": null, "duration": 200, "easing": "", "extended_animation": false, "type": 0, "hover_animation": null, "used_theme_data": null}}, {"pk": 147, "model": "DataManager.coreanimationdata", "fields": {"order_in_group": 21, "pre": "", "force": null, "anim": "left:-=6%", "group": 22, "name": "Photo5 Float", "click_animation": null, "waitPrev": true, "triggerNext": false, "delay": 0, "used_object_type": "{{USER_PHOTO}}", "shadow": null, "target": null, "duration": 7200, "easing": "", "extended_animation": false, "type": 0, "hover_animation": null, "used_theme_data": null}}, {"pk": 148, "model": "DataManager.coreanimationdata", "fields": {"order_in_group": 22, "pre": "", "force": null, "anim": "", "group": 22, "name": "Sleep before 6", "click_animation": null, "waitPrev": false, "triggerNext": true, "delay": 0, "used_object_type": "", "shadow": null, "target": null, "duration": 2000, "easing": "", "extended_animation": false, "type": 1, "hover_animation": null, "used_theme_data": null}}, {"pk": 149, "model": "DataManager.coreanimationdata", "fields": {"order_in_group": 23, "pre": "", "force": null, "anim": "", "group": 22, "name": "Photo6 Show", "click_animation": 7, "waitPrev": true, "triggerNext": true, "delay": 0, "used_object_type": "{{NEXT_USER_PHOTO}}", "shadow": 3, "target": null, "duration": 0, "easing": "", "extended_animation": false, "type": 2, "hover_animation": null, "used_theme_data": null}}, {"pk": 150, "model": "DataManager.coreanimationdata", "fields": {"order_in_group": 24, "pre": "width:35%,height:35%,left:20%,top:55%,opacity:0", "force": null, "anim": "width:40%,height:40%,top:45%,left:10%,opacity:1,rotate:-30deg", "group": 22, "name": "Photo6 Pop", "click_animation": null, "waitPrev": true, "triggerNext": true, "delay": 0, "used_object_type": "{{USER_PHOTO}}", "shadow": null, "target": null, "duration": 200, "easing": "", "extended_animation": true, "type": 0, "hover_animation": null, "used_theme_data": null}}, {"pk": 151, "model": "DataManager.coreanimationdata", "fields": {"order_in_group": 26, "pre": "", "force": null, "anim": "left:-=8%", "group": 22, "name": "Photo6 Float", "click_animation": null, "waitPrev": true, "triggerNext": false, "delay": 0, "used_object_type": "{{USER_PHOTO}}", "shadow": null, "target": null, "duration": 5000, "easing": "", "extended_animation": false, "type": 0, "hover_animation": null, "used_theme_data": null}}, {"pk": 152, "model": "DataManager.coreanimationdata", "fields": {"order_in_group": 27, "pre": "", "force": null, "anim": "", "group": 22, "name": "Photo7 Show", "click_animation": 8, "waitPrev": false, "triggerNext": true, "delay": 0, "used_object_type": "{{NEXT_USER_PHOTO}}", "shadow": 3, "target": null, "duration": 0, "easing": "", "extended_animation": false, "type": 2, "hover_animation": null, "used_theme_data": null}}, {"pk": 153, "model": "DataManager.coreanimationdata", "fields": {"order_in_group": 28, "pre": "width:35%,height:35%,left:70%,top:55%,opacity:0", "force": null, "anim": "width:40%,height:40%,top:45%,left:60%,opacity:1,rotate:30deg", "group": 22, "name": "Photo7 Pop", "click_animation": null, "waitPrev": true, "triggerNext": true, "delay": 0, "used_object_type": "{{USER_PHOTO}}", "shadow": null, "target": null, "duration": 200, "easing": "", "extended_animation": true, "type": 0, "hover_animation": null, "used_theme_data": null}}, {"pk": 154, "model": "DataManager.coreanimationdata", "fields": {"order_in_group": 30, "pre": "", "force": null, "anim": "left:-=8%", "group": 22, "name": "Photo7 Float", "click_animation": null, "waitPrev": true, "triggerNext": false, "delay": 0, "used_object_type": "{{USER_PHOTO}}", "shadow": null, "target": null, "duration": 4800, "easing": "", "extended_animation": false, "type": 0, "hover_animation": null, "used_theme_data": null}}, {"pk": 155, "model": "DataManager.coreanimationdata", "fields": {"order_in_group": 31, "pre": "", "force": null, "anim": "", "group": 22, "name": "Photo8 Show", "click_animation": 7, "waitPrev": false, "triggerNext": true, "delay": 0, "used_object_type": "{{NEXT_USER_PHOTO}}", "shadow": 3, "target": null, "duration": 0, "easing": "", "extended_animation": false, "type": 2, "hover_animation": null, "used_theme_data": null}}, {"pk": 156, "model": "DataManager.coreanimationdata", "fields": {"order_in_group": 32, "pre": "width:35%,height:35%,left:50%,top:25%,opacity:0", "force": null, "anim": "width:40%,height:40%,top:20%,left:35%,opacity:1", "group": 22, "name": "Photo8 Pop", "click_animation": null, "waitPrev": true, "triggerNext": true, "delay": 0, "used_object_type": "{{USER_PHOTO}}", "shadow": null, "target": null, "duration": 200, "easing": "", "extended_animation": true, "type": 0, "hover_animation": null, "used_theme_data": null}}, {"pk": 157, "model": "DataManager.coreanimationdata", "fields": {"order_in_group": 34, "pre": "", "force": null, "anim": "left:-=8%", "group": 22, "name": "Photo8 Float", "click_animation": null, "waitPrev": true, "triggerNext": false, "delay": 0, "used_object_type": "{{USER_PHOTO}}", "shadow": null, "target": null, "duration": 4600, "easing": "", "extended_animation": false, "type": 0, "hover_animation": null, "used_theme_data": null}}, {"pk": 158, "model": "DataManager.coreanimationdata", "fields": {"order_in_group": 35, "pre": "", "force": null, "anim": "", "group": 22, "name": "sleep to finish", "click_animation": null, "waitPrev": false, "triggerNext": true, "delay": 0, "used_object_type": "", "shadow": null, "target": null, "duration": 4600, "easing": "", "extended_animation": false, "type": 1, "hover_animation": null, "used_theme_data": null}}, {"pk": 159, "model": "DataManager.coreanimationdata", "fields": {"order_in_group": 3, "pre": "", "force": null, "anim": "left:-50%", "group": 22, "name": "photo1 hide", "click_animation": null, "waitPrev": false, "triggerNext": false, "delay": 9800, "used_object_type": "{{USER_PHOTO}}", "shadow": null, "target": null, "duration": 300, "easing": "", "extended_animation": false, "type": 3, "hover_animation": null, "used_theme_data": null}}, {"pk": 160, "model": "DataManager.coreanimationdata", "fields": {"order_in_group": 7, "pre": "", "force": null, "anim": "left:110%", "group": 22, "name": "photo2 hide", "click_animation": null, "waitPrev": false, "triggerNext": false, "delay": 9600, "used_object_type": "{{USER_PHOTO}}", "shadow": null, "target": null, "duration": 300, "easing": "", "extended_animation": false, "type": 3, "hover_animation": null, "used_theme_data": null}}, {"pk": 161, "model": "DataManager.coreanimationdata", "fields": {"order_in_group": 11, "pre": "", "force": null, "anim": "top:100%", "group": 22, "name": "photo3 hide", "click_animation": null, "waitPrev": false, "triggerNext": false, "delay": 9400, "used_object_type": "{{USER_PHOTO}}", "shadow": null, "target": null, "duration": 300, "easing": "", "extended_animation": false, "type": 3, "hover_animation": null, "used_theme_data": null}}, {"pk": 162, "model": "DataManager.coreanimationdata", "fields": {"order_in_group": 15, "pre": "", "force": null, "anim": "top:-50%", "group": 22, "name": "photo4 hide", "click_animation": null, "waitPrev": false, "triggerNext": false, "delay": 9200, "used_object_type": "{{USER_PHOTO}}", "shadow": null, "target": null, "duration": 300, "easing": "", "extended_animation": false, "type": 3, "hover_animation": null, "used_theme_data": null}}, {"pk": 163, "model": "DataManager.coreanimationdata", "fields": {"order_in_group": 20, "pre": "", "force": null, "anim": "left:-50%,top:110%", "group": 22, "name": "photo5 hide", "click_animation": null, "waitPrev": false, "triggerNext": false, "delay": 7000, "used_object_type": "{{USER_PHOTO}}", "shadow": null, "target": null, "duration": 300, "easing": "", "extended_animation": false, "type": 3, "hover_animation": null, "used_theme_data": null}}, {"pk": 164, "model": "DataManager.coreanimationdata", "fields": {"order_in_group": 25, "pre": "", "force": null, "anim": "top:-50%,left:-50%", "group": 22, "name": "photo6 hide", "click_animation": null, "waitPrev": false, "triggerNext": false, "delay": 4800, "used_object_type": "{{USER_PHOTO}}", "shadow": null, "target": null, "duration": 300, "easing": "", "extended_animation": false, "type": 3, "hover_animation": null, "used_theme_data": null}}, {"pk": 165, "model": "DataManager.coreanimationdata", "fields": {"order_in_group": 29, "pre": "", "force": null, "anim": "top:50%,left:110%", "group": 22, "name": "photo7 hide", "click_animation": null, "waitPrev": false, "triggerNext": false, "delay": 4600, "used_object_type": "{{USER_PHOTO}}", "shadow": null, "target": null, "duration": 300, "easing": "", "extended_animation": false, "type": 3, "hover_animation": null, "used_theme_data": null}}, {"pk": 166, "model": "DataManager.coreanimationdata", "fields": {"order_in_group": 33, "pre": "", "force": null, "anim": "left:-60%,top:50%", "group": 22, "name": "photo8 hide", "click_animation": null, "waitPrev": false, "triggerNext": false, "delay": 4400, "used_object_type": "{{USER_PHOTO}}", "shadow": null, "target": null, "duration": 300, "easing": "", "extended_animation": false, "type": 3, "hover_animation": null, "used_theme_data": null}}, {"pk": 167, "model": "DataManager.coreanimationdata", "fields": {"order_in_group": 3, "pre": "", "force": null, "anim": "", "group": 10, "name": "music sleep", "click_animation": null, "waitPrev": true, "triggerNext": true, "delay": 0, "used_object_type": "", "shadow": null, "target": null, "duration": 19000, "easing": "", "extended_animation": false, "type": 1, "hover_animation": null, "used_theme_data": null}}, {"pk": 168, "model": "DataManager.coreanimationdata", "fields": {"order_in_group": 4, "pre": "", "force": null, "anim": "", "group": 10, "name": "music1 fadeout", "click_animation": null, "waitPrev": true, "triggerNext": false, "delay": 0, "used_object_type": "{{THEME_MUSIC}}", "shadow": null, "target": null, "duration": 2000, "easing": "", "extended_animation": false, "type": 15, "hover_animation": null, "used_theme_data": null}}, {"pk": 169, "model": "DataManager.coreanimationdata", "fields": {"order_in_group": 6, "pre": "", "force": null, "anim": "", "group": 10, "name": "music2 play", "click_animation": null, "waitPrev": false, "triggerNext": true, "delay": 0, "used_object_type": "{{RAND_THEME_MUSIC}}", "shadow": null, "target": null, "duration": 1, "easing": "", "extended_animation": false, "type": 10, "hover_animation": null, "used_theme_data": null}}, {"pk": 170, "model": "DataManager.coreanimationdata", "fields": {"order_in_group": 7, "pre": "", "force": null, "anim": "", "group": 10, "name": "music2 fadein", "click_animation": null, "waitPrev": true, "triggerNext": true, "delay": 0, "used_object_type": "{{THEME_MUSIC}}", "shadow": null, "target": null, "duration": 2000, "easing": "", "extended_animation": false, "type": 14, "hover_animation": null, "used_theme_data": null}}, {"pk": 171, "model": "DataManager.coreanimationdata", "fields": {"order_in_group": 1, "pre": "", "force": null, "anim": "", "group": 23, "name": "discoball appear", "click_animation": null, "waitPrev": true, "triggerNext": true, "delay": 0, "used_object_type": "", "shadow": null, "target": null, "duration": 0, "easing": "", "extended_animation": false, "type": 2, "hover_animation": null, "used_theme_data": 32}}, {"pk": 172, "model": "DataManager.coreanimationdata", "fields": {"order_in_group": 2, "pre": "width:30%,height:30%,left:35%,top:-40%", "force": null, "anim": "top:0%", "group": 23, "name": "come down", "click_animation": null, "waitPrev": true, "triggerNext": true, "delay": 0, "used_object_type": "", "shadow": null, "target": null, "duration": 1500, "easing": "easeOutBounce", "extended_animation": false, "type": 0, "hover_animation": null, "used_theme_data": 32}}, {"pk": 173, "model": "DataManager.coreanimationdata", "fields": {"order_in_group": 3, "pre": "", "force": null, "anim": "left:100%", "group": 23, "name": "discoball hide", "click_animation": null, "waitPrev": true, "triggerNext": false, "delay": 5000, "used_object_type": "", "shadow": null, "target": null, "duration": 300, "easing": "", "extended_animation": false, "type": 3, "hover_animation": null, "used_theme_data": 32}}, {"pk": 174, "model": "DataManager.coreanimationdata", "fields": {"order_in_group": 4, "pre": "", "force": null, "anim": "", "group": 23, "name": "finish", "click_animation": null, "waitPrev": false, "triggerNext": true, "delay": 0, "used_object_type": "", "shadow": null, "target": null, "duration": 500, "easing": "", "extended_animation": false, "type": 1, "hover_animation": null, "used_theme_data": null}}, {"pk": 175, "model": "DataManager.coreanimationdata", "fields": {"order_in_group": 1, "pre": "", "force": null, "anim": "", "group": 24, "name": "kermit show", "click_animation": null, "waitPrev": true, "triggerNext": true, "delay": 0, "used_object_type": "", "shadow": null, "target": null, "duration": 0, "easing": "", "extended_animation": false, "type": 2, "hover_animation": null, "used_theme_data": 9}}, {"pk": 176, "model": "DataManager.coreanimationdata", "fields": {"order_in_group": 2, "pre": "opacity:0,bottom:0%,left:10%,width:20%,height:35%", "force": null, "anim": "opacity:1", "group": 24, "name": "kermit appear", "click_animation": null, "waitPrev": true, "triggerNext": true, "delay": 0, "used_object_type": "", "shadow": null, "target": null, "duration": 300, "easing": "", "extended_animation": false, "type": 0, "hover_animation": null, "used_theme_data": 9}}, {"pk": 177, "model": "DataManager.coreanimationdata", "fields": {"order_in_group": 3, "pre": "", "force": null, "anim": "bottom:100%", "group": 24, "name": "kermit jump", "click_animation": null, "waitPrev": true, "triggerNext": true, "delay": 0, "used_object_type": "", "shadow": null, "target": null, "duration": 1000, "easing": "easeInElastic", "extended_animation": false, "type": 0, "hover_animation": null, "used_theme_data": 9}}, {"pk": 178, "model": "DataManager.coreanimationdata", "fields": {"order_in_group": 4, "pre": "", "force": null, "anim": "", "group": 24, "name": "kermit hide", "click_animation": null, "waitPrev": true, "triggerNext": true, "delay": 0, "used_object_type": "", "shadow": null, "target": null, "duration": 0, "easing": "", "extended_animation": false, "type": 3, "hover_animation": null, "used_theme_data": 9}}, {"pk": 179, "model": "DataManager.coreanimationdata", "fields": {"order_in_group": 1, "pre": "", "force": null, "anim": "", "group": 25, "name": "1st appear", "click_animation": null, "waitPrev": true, "triggerNext": true, "delay": 0, "used_object_type": "{{NEXT_USER_PHOTO}}", "shadow": 1, "target": null, "duration": 0, "easing": "", "extended_animation": false, "type": 2, "hover_animation": null, "used_theme_data": null}}, {"pk": 180, "model": "DataManager.coreanimationdata", "fields": {"order_in_group": 2, "pre": "width:40%,height:40%,left:-40%,top:-40%", "force": null, "anim": "width:50%,height:50%,left:100%,top:100%", "group": 25, "name": "1st move", "click_animation": null, "waitPrev": true, "triggerNext": false, "delay": 0, "used_object_type": "{{USER_PHOTO}}", "shadow": null, "target": null, "duration": 6000, "easing": "cubic-bezier(0,.93,1,.07)", "extended_animation": true, "type": 0, "hover_animation": null, "used_theme_data": null}}, {"pk": 181, "model": "DataManager.coreanimationdata", "fields": {"order_in_group": 3, "pre": "", "force": null, "anim": "opacity:0", "group": 25, "name": "1st hide", "click_animation": null, "waitPrev": false, "triggerNext": false, "delay": 6000, "used_object_type": "{{USER_PHOTO}}", "shadow": null, "target": null, "duration": 1, "easing": "", "extended_animation": false, "type": 3, "hover_animation": null, "used_theme_data": null}}, {"pk": 182, "model": "DataManager.coreanimationdata", "fields": {"order_in_group": 4, "pre": "", "force": null, "anim": "", "group": 25, "name": "prepare for 2nd", "click_animation": null, "waitPrev": false, "triggerNext": true, "delay": 0, "used_object_type": "", "shadow": null, "target": null, "duration": 4000, "easing": "", "extended_animation": false, "type": 1, "hover_animation": null, "used_theme_data": null}}, {"pk": 183, "model": "DataManager.coreanimationdata", "fields": {"order_in_group": 5, "pre": "", "force": null, "anim": "", "group": 25, "name": "2nd show", "click_animation": null, "waitPrev": true, "triggerNext": true, "delay": 0, "used_object_type": "{{NEXT_USER_PHOTO}}", "shadow": 1, "target": null, "duration": 0, "easing": "", "extended_animation": false, "type": 2, "hover_animation": null, "used_theme_data": null}}, {"pk": 184, "model": "DataManager.coreanimationdata", "fields": {"order_in_group": 6, "pre": "width:40%,height:40%,top:-40%,left:100%", "force": null, "anim": "top:100%,left:-50%,height:50%,width:50%", "group": 25, "name": "2nd move", "click_animation": null, "waitPrev": true, "triggerNext": false, "delay": 0, "used_object_type": "{{USER_PHOTO}}", "shadow": null, "target": null, "duration": 6000, "easing": "cubic-bezier(0,.93,1,.07)", "extended_animation": true, "type": 0, "hover_animation": null, "used_theme_data": null}}, {"pk": 185, "model": "DataManager.coreanimationdata", "fields": {"order_in_group": 7, "pre": "", "force": null, "anim": "opacity:0", "group": 25, "name": "2nd hide", "click_animation": null, "waitPrev": false, "triggerNext": false, "delay": 6000, "used_object_type": "{{USER_PHOTO}}", "shadow": null, "target": null, "duration": 1, "easing": "", "extended_animation": false, "type": 3, "hover_animation": null, "used_theme_data": null}}, {"pk": 186, "model": "DataManager.coreanimationdata", "fields": {"order_in_group": 8, "pre": "", "force": null, "anim": "", "group": 25, "name": "prepare for 3nd", "click_animation": null, "waitPrev": false, "triggerNext": true, "delay": 0, "used_object_type": "", "shadow": null, "target": null, "duration": 4000, "easing": "", "extended_animation": false, "type": 1, "hover_animation": null, "used_theme_data": null}}, {"pk": 187, "model": "DataManager.coreanimationdata", "fields": {"order_in_group": 9, "pre": "", "force": null, "anim": "", "group": 25, "name": "3nd show", "click_animation": null, "waitPrev": true, "triggerNext": true, "delay": 0, "used_object_type": "{{NEXT_USER_PHOTO}}", "shadow": 2, "target": null, "duration": 0, "easing": "", "extended_animation": false, "type": 2, "hover_animation": null, "used_theme_data": null}}, {"pk": 188, "model": "DataManager.coreanimationdata", "fields": {"order_in_group": 10, "pre": "width:40%,height:40%,top:100%,left:-40%", "force": null, "anim": "top:-40%,left:100%,height:50%,width:50%", "group": 25, "name": "3nd move", "click_animation": null, "waitPrev": true, "triggerNext": false, "delay": 0, "used_object_type": "{{USER_PHOTO}}", "shadow": null, "target": null, "duration": 6000, "easing": "cubic-bezier(0,.93,1,.07)", "extended_animation": true, "type": 0, "hover_animation": null, "used_theme_data": null}}, {"pk": 189, "model": "DataManager.coreanimationdata", "fields": {"order_in_group": 11, "pre": "", "force": null, "anim": "opacity:0", "group": 25, "name": "3nd hide", "click_animation": null, "waitPrev": false, "triggerNext": false, "delay": 6000, "used_object_type": "{{USER_PHOTO}}", "shadow": null, "target": null, "duration": 1, "easing": "", "extended_animation": false, "type": 3, "hover_animation": null, "used_theme_data": null}}, {"pk": 190, "model": "DataManager.coreanimationdata", "fields": {"order_in_group": 12, "pre": "", "force": null, "anim": "", "group": 25, "name": "prepare for 4nd", "click_animation": null, "waitPrev": false, "triggerNext": true, "delay": 0, "used_object_type": "", "shadow": null, "target": null, "duration": 4000, "easing": "", "extended_animation": false, "type": 1, "hover_animation": null, "used_theme_data": null}}, {"pk": 191, "model": "DataManager.coreanimationdata", "fields": {"order_in_group": 13, "pre": "", "force": null, "anim": "", "group": 25, "name": "4nd show", "click_animation": null, "waitPrev": true, "triggerNext": true, "delay": 0, "used_object_type": "{{NEXT_USER_PHOTO}}", "shadow": 2, "target": null, "duration": 0, "easing": "", "extended_animation": false, "type": 2, "hover_animation": null, "used_theme_data": null}}, {"pk": 192, "model": "DataManager.coreanimationdata", "fields": {"order_in_group": 14, "pre": "width:40%,height:40%,top:100%,left:100%", "force": null, "anim": "top:30%,left:30%,height:50%,width:50%", "group": 25, "name": "4nd move", "click_animation": null, "waitPrev": true, "triggerNext": true, "delay": 0, "used_object_type": "{{USER_PHOTO}}", "shadow": null, "target": null, "duration": 5000, "easing": "easeOutQuart", "extended_animation": false, "type": 0, "hover_animation": null, "used_theme_data": null}}, {"pk": 193, "model": "DataManager.coreanimationdata", "fields": {"order_in_group": 15, "pre": "", "force": null, "anim": "top:0,left:0,width:100%,height:100%,opacity:0", "group": 25, "name": "4th pop out", "click_animation": null, "waitPrev": true, "triggerNext": true, "delay": 0, "used_object_type": "{{USER_PHOTO}}", "shadow": null, "target": null, "duration": 500, "easing": "", "extended_animation": false, "type": 0, "hover_animation": null, "used_theme_data": null}}, {"pk": 194, "model": "DataManager.coreanimationdata", "fields": {"order_in_group": 16, "pre": "", "force": null, "anim": "opacity:0", "group": 25, "name": "4th hide", "click_animation": null, "waitPrev": false, "triggerNext": false, "delay": 1000, "used_object_type": "{{USER_PHOTO}}", "shadow": null, "target": null, "duration": 1, "easing": "", "extended_animation": false, "type": 3, "hover_animation": null, "used_theme_data": null}}, {"pk": 195, "model": "DataManager.coreanimationdata", "fields": {"order_in_group": 1, "pre": "", "force": null, "anim": "", "group": 26, "name": "photo1 show", "click_animation": null, "waitPrev": true, "triggerNext": true, "delay": 0, "used_object_type": "{{NEXT_USER_PHOTO}}", "shadow": 1, "target": null, "duration": 0, "easing": "", "extended_animation": false, "type": 2, "hover_animation": null, "used_theme_data": null}}, {"pk": 196, "model": "DataManager.coreanimationdata", "fields": {"order_in_group": 2, "pre": "", "force": null, "anim": "", "group": 26, "name": "status1 appear", "click_animation": null, "waitPrev": true, "triggerNext": true, "delay": 0, "used_object_type": "{{NEXT_USER_STATUS}}", "shadow": null, "target": null, "duration": 0, "easing": "", "extended_animation": false, "type": 2, "hover_animation": null, "used_theme_data": null}}, {"pk": 197, "model": "DataManager.coreanimationdata", "fields": {"order_in_group": 3, "pre": "width:50%,height:50%,top:100%,left:25%", "force": null, "anim": "top:20%", "group": 26, "name": "Photo to position", "click_animation": null, "waitPrev": true, "triggerNext": false, "delay": 0, "used_object_type": "{{USER_PHOTO}}", "shadow": null, "target": null, "duration": 300, "easing": "", "extended_animation": false, "type": 0, "hover_animation": null, "used_theme_data": null}}, {"pk": 198, "model": "DataManager.coreanimationdata", "fields": {"order_in_group": 4, "pre": "width:70%,height:15%,top:-20%,left:15%", "force": null, "anim": "top:65%", "group": 26, "name": "Status1 to place", "click_animation": null, "waitPrev": false, "triggerNext": true, "delay": 0, "used_object_type": "{{USER_STATUS}}", "shadow": null, "target": null, "duration": 300, "easing": "", "extended_animation": false, "type": 0, "hover_animation": null, "used_theme_data": null}}, {"pk": 199, "model": "DataManager.coreanimationdata", "fields": {"order_in_group": 5, "pre": "", "force": null, "anim": "left:-=3%", "group": 26, "name": "photo float", "click_animation": null, "waitPrev": true, "triggerNext": false, "delay": 0, "used_object_type": "{{USER_PHOTO}}", "shadow": null, "target": null, "duration": 4000, "easing": "", "extended_animation": false, "type": 0, "hover_animation": null, "used_theme_data": null}}, {"pk": 200, "model": "DataManager.coreanimationdata", "fields": {"order_in_group": 6, "pre": "", "force": null, "anim": "left:-=4%", "group": 26, "name": "status1 float", "click_animation": null, "waitPrev": false, "triggerNext": true, "delay": 0, "used_object_type": "{{USER_STATUS}}", "shadow": null, "target": null, "duration": 4000, "easing": "", "extended_animation": false, "type": 0, "hover_animation": null, "used_theme_data": null}}, {"pk": 201, "model": "DataManager.coreanimationdata", "fields": {"order_in_group": 7, "pre": "", "force": null, "anim": "left:-60%", "group": 26, "name": "photo1 hide", "click_animation": null, "waitPrev": true, "triggerNext": false, "delay": 0, "used_object_type": "{{USER_PHOTO}}", "shadow": null, "target": null, "duration": 300, "easing": "", "extended_animation": false, "type": 3, "hover_animation": null, "used_theme_data": null}}, {"pk": 202, "model": "DataManager.coreanimationdata", "fields": {"order_in_group": 8, "pre": "", "force": null, "anim": "left:-60%", "group": 26, "name": "status1 hide", "click_animation": null, "waitPrev": false, "triggerNext": true, "delay": 0, "used_object_type": "{{USER_STATUS}}", "shadow": null, "target": null, "duration": 300, "easing": "", "extended_animation": false, "type": 3, "hover_animation": null, "used_theme_data": null}}, {"pk": 203, "model": "DataManager.coreanimationdata", "fields": {"order_in_group": 9, "pre": "", "force": null, "anim": "", "group": 26, "name": "photo2 show", "click_animation": null, "waitPrev": true, "triggerNext": true, "delay": 0, "used_object_type": "{{NEXT_USER_PHOTO}}", "shadow": 1, "target": null, "duration": 0, "easing": "", "extended_animation": false, "type": 2, "hover_animation": null, "used_theme_data": null}}, {"pk": 204, "model": "DataManager.coreanimationdata", "fields": {"order_in_group": 10, "pre": "", "force": null, "anim": "", "group": 26, "name": "status2 appear", "click_animation": null, "waitPrev": true, "triggerNext": true, "delay": 0, "used_object_type": "{{NEXT_USER_STATUS}}", "shadow": null, "target": null, "duration": 0, "easing": "", "extended_animation": false, "type": 2, "hover_animation": null, "used_theme_data": null}}, {"pk": 205, "model": "DataManager.coreanimationdata", "fields": {"order_in_group": 11, "pre": "width:50%,height:50%,top:100%,left:25%", "force": null, "anim": "top:20%", "group": 26, "name": "Photo to position", "click_animation": null, "waitPrev": true, "triggerNext": false, "delay": 0, "used_object_type": "{{USER_PHOTO}}", "shadow": null, "target": null, "duration": 300, "easing": "", "extended_animation": false, "type": 0, "hover_animation": null, "used_theme_data": null}}, {"pk": 206, "model": "DataManager.coreanimationdata", "fields": {"order_in_group": 12, "pre": "width:70%,height:15%,top:-20%,left:15%", "force": null, "anim": "top:65%", "group": 26, "name": "Status2 to place", "click_animation": null, "waitPrev": false, "triggerNext": true, "delay": 0, "used_object_type": "{{USER_STATUS}}", "shadow": null, "target": null, "duration": 300, "easing": "", "extended_animation": false, "type": 0, "hover_animation": null, "used_theme_data": null}}, {"pk": 207, "model": "DataManager.coreanimationdata", "fields": {"order_in_group": 13, "pre": "", "force": null, "anim": "left:-=3%", "group": 26, "name": "photo float", "click_animation": null, "waitPrev": true, "triggerNext": false, "delay": 0, "used_object_type": "{{USER_PHOTO}}", "shadow": null, "target": null, "duration": 4000, "easing": "", "extended_animation": false, "type": 0, "hover_animation": null, "used_theme_data": null}}, {"pk": 208, "model": "DataManager.coreanimationdata", "fields": {"order_in_group": 14, "pre": "", "force": null, "anim": "left:-=4%", "group": 26, "name": "status2 float", "click_animation": null, "waitPrev": false, "triggerNext": true, "delay": 0, "used_object_type": "{{USER_STATUS}}", "shadow": null, "target": null, "duration": 4000, "easing": "", "extended_animation": false, "type": 0, "hover_animation": null, "used_theme_data": null}}, {"pk": 209, "model": "DataManager.coreanimationdata", "fields": {"order_in_group": 15, "pre": "", "force": null, "anim": "left:-60%", "group": 26, "name": "photo2 hide", "click_animation": null, "waitPrev": true, "triggerNext": false, "delay": 0, "used_object_type": "{{USER_PHOTO}}", "shadow": null, "target": null, "duration": 300, "easing": "", "extended_animation": false, "type": 3, "hover_animation": null, "used_theme_data": null}}, {"pk": 210, "model": "DataManager.coreanimationdata", "fields": {"order_in_group": 16, "pre": "", "force": null, "anim": "left:-60%", "group": 26, "name": "status2 hide", "click_animation": null, "waitPrev": false, "triggerNext": true, "delay": 0, "used_object_type": "{{USER_STATUS}}", "shadow": null, "target": null, "duration": 300, "easing": "", "extended_animation": false, "type": 3, "hover_animation": null, "used_theme_data": null}}, {"pk": 211, "model": "DataManager.coreanimationdata", "fields": {"order_in_group": 1, "pre": "", "force": null, "anim": "", "group": 27, "name": "music play", "click_animation": null, "waitPrev": false, "triggerNext": true, "delay": 0, "used_object_type": "{{RAND_THEME_MUSIC}}", "shadow": null, "target": null, "duration": 1, "easing": "", "extended_animation": false, "type": 10, "hover_animation": null, "used_theme_data": null}}, {"pk": 212, "model": "DataManager.coreanimationdata", "fields": {"order_in_group": 2, "pre": "", "force": null, "anim": "", "group": 27, "name": "music fadein", "click_animation": null, "waitPrev": true, "triggerNext": true, "delay": 0, "used_object_type": "{{THEME_MUSIC}}", "shadow": null, "target": null, "duration": 1000, "easing": "", "extended_animation": false, "type": 14, "hover_animation": null, "used_theme_data": null}}, {"pk": 213, "model": "DataManager.coreanimationdata", "fields": {"order_in_group": 3, "pre": "", "force": null, "anim": "", "group": 27, "name": "music sleep", "click_animation": null, "waitPrev": true, "triggerNext": true, "delay": 0, "used_object_type": "", "shadow": null, "target": null, "duration": 29000, "easing": "", "extended_animation": false, "type": 1, "hover_animation": null, "used_theme_data": null}}, {"pk": 214, "model": "DataManager.coreanimationdata", "fields": {"order_in_group": 4, "pre": "", "force": null, "anim": "", "group": 27, "name": "music fadeout", "click_animation": null, "waitPrev": true, "triggerNext": false, "delay": 0, "used_object_type": "{{THEME_MUSIC}}", "shadow": null, "target": null, "duration": 1000, "easing": "", "extended_animation": false, "type": 15, "hover_animation": null, "used_theme_data": null}}, {"pk": 215, "model": "DataManager.coreanimationdata", "fields": {"order_in_group": 8, "pre": "", "force": null, "anim": "", "group": 10, "name": "music 2 sleep", "click_animation": null, "waitPrev": true, "triggerNext": true, "delay": 0, "used_object_type": "", "shadow": null, "target": null, "duration": 19000, "easing": "", "extended_animation": false, "type": 1, "hover_animation": null, "used_theme_data": null}}, {"pk": 216, "model": "DataManager.coreanimationdata", "fields": {"order_in_group": 9, "pre": "", "force": null, "anim": "", "group": 10, "name": "music2 fadeout", "click_animation": null, "waitPrev": true, "triggerNext": false, "delay": 0, "used_object_type": "{{THEME_MUSIC}}", "shadow": null, "target": null, "duration": 1000, "easing": "", "extended_animation": false, "type": 15, "hover_animation": null, "used_theme_data": null}}, {"pk": 217, "model": "DataManager.coreanimationdata", "fields": {"order_in_group": 1, "pre": "", "force": null, "anim": "opacity:0,scale:1.2", "group": 28, "name": "scale up", "click_animation": null, "waitPrev": true, "triggerNext": true, "delay": 0, "used_object_type": "", "shadow": null, "target": null, "duration": 300, "easing": "", "extended_animation": true, "type": 3, "hover_animation": null, "used_theme_data": null}}, {"pk": 218, "model": "DataManager.coreanimationdata", "fields": {"order_in_group": 1, "pre": "", "force": null, "anim": "left:+=5%,top:+=5%,width:1%,height:1%", "group": 29, "name": "shrink", "click_animation": null, "waitPrev": true, "triggerNext": true, "delay": 0, "used_object_type": "", "shadow": null, "target": null, "duration": 300, "easing": "", "extended_animation": false, "type": 3, "hover_animation": null, "used_theme_data": null}}, {"pk": 219, "model": "DataManager.coreanimationdata", "fields": {"order_in_group": 1, "pre": "", "force": null, "anim": "", "group": 30, "name": "music play", "click_animation": null, "waitPrev": true, "triggerNext": true, "delay": 0, "used_object_type": "{{RAND_THEME_MUSIC}}", "shadow": null, "target": null, "duration": 0, "easing": "", "extended_animation": false, "type": 10, "hover_animation": null, "used_theme_data": null}}, {"pk": 220, "model": "DataManager.coreanimationdata", "fields": {"order_in_group": 2, "pre": "", "force": null, "anim": "", "group": 30, "name": "music volumeup", "click_animation": null, "waitPrev": true, "triggerNext": true, "delay": 0, "used_object_type": "{{THEME_MUSIC}}", "shadow": null, "target": 100, "duration": 0, "easing": "", "extended_animation": false, "type": 13, "hover_animation": null, "used_theme_data": null}}, {"pk": 1, "model": "DataManager.dynamicshadow", "fields": {"name": "level 1", "color": "rgba(0, 0, 0, 0.8)", "inset": false, "spread": 1, "blur": 6, "max_x": 7, "max_y": 7}}, {"pk": 2, "model": "DataManager.dynamicshadow", "fields": {"name": "level 2", "color": "rgba(0, 0, 0, 0.8)", "inset": false, "spread": 1, "blur": 10, "max_x": 15, "max_y": 15}}, {"pk": 3, "model": "DataManager.dynamicshadow", "fields": {"name": "level 3", "color": "rgba(0, 0, 0, 0.8)", "inset": false, "spread": 1, "blur": 10, "max_x": 20, "max_y": 20}}, {"pk": 1, "model": "DataManager.imageenhancement", "fields": {"example_path": null, "script_path": "frame.sh", "name": "Apply Frame", "parameters": "{{RAND_THEME_FRAME}} {{THEME_DATA_PARAMETER}}"}}, {"pk": 2, "model": "DataManager.imageenhancement", "fields": {"example_path": null, "script_path": "gaussian.sh", "name": "HighPass Filter", "parameters": "-k high -m 10"}}, {"pk": 3, "model": "DataManager.imageenhancement", "fields": {"example_path": null, "script_path": "lichtenstein.sh", "name": "Lichtenstein Burn", "parameters": "-d none -b 1"}}, {"pk": 4, "model": "DataManager.imageenhancement", "fields": {"example_path": null, "script_path": "lichtenstein.sh", "name": "Lichtenstein Cartoon", "parameters": "-d h6x6a"}}, {"pk": 5, "model": "DataManager.imageenhancement", "fields": {"example_path": null, "script_path": "sketch.sh", "name": "BW Sketch", "parameters": "-k desat -c 125 -g"}}, {"pk": 6, "model": "DataManager.imageenhancement", "fields": {"example_path": null, "script_path": "sketch.sh", "name": "Color Sketch", "parameters": "-k gray -c 125"}}, {"pk": 7, "model": "DataManager.imageenhancement", "fields": {"example_path": null, "script_path": "vignette2.sh", "name": "Rect Vignette", "parameters": "-a 25 -d 90 -s roundrectangle"}}, {"pk": 8, "model": "DataManager.imageenhancement", "fields": {"example_path": null, "script_path": "enrich.sh", "name": "Enrich", "parameters": null}}, {"pk": 9, "model": "DataManager.imageenhancement", "fields": {"example_path": null, "script_path": "halo.sh", "name": "Rainbow", "parameters": "-r 100 -w 60 -m 25 -c 100,100"}}, {"pk": 10, "model": "DataManager.imageenhancement", "fields": {"example_path": null, "script_path": "coloration.sh", "name": "Purple", "parameters": "-h 300 -s 50 -l 0"}}, {"pk": 11, "model": "DataManager.imageenhancement", "fields": {"example_path": null, "script_path": "coloration.sh", "name": "Yellow", "parameters": "-h 60 -s 75 -l 0"}}, {"pk": 12, "model": "DataManager.imageenhancement", "fields": {"example_path": null, "script_path": "coloration.sh", "name": "Red", "parameters": "-s 50 -l 0 -h 0"}}, {"pk": 1, "model": "DataManager.postenhancement", "fields": {"used_object_type": "{{NEXT_THEME_STATUS_BG}}", "type": "apply_bg", "name": "status bg", "parameters": "{{THEME_DATA_PARAMETER}}", "filepath": ""}}, {"pk": 2, "model": "DataManager.postenhancement", "fields": {"used_object_type": "{{NEXT_THEME_FONT}}", "type": "apply_font", "name": "comfortaa font", "parameters": "", "filepath": ""}}, {"pk": 1, "model": "DataManager.enhancementgroup", "fields": {"enhancement_functions": "2,12", "applicable_to": 0, "name": "70s hipass red", "post_enhancement": false}}, {"pk": 2, "model": "DataManager.enhancementgroup", "fields": {"enhancement_functions": "8,4", "applicable_to": 1, "name": "70s cartoon", "post_enhancement": false}}, {"pk": 3, "model": "DataManager.enhancementgroup", "fields": {"enhancement_functions": "2,11", "applicable_to": 0, "name": "70s hipass yellow", "post_enhancement": false}}, {"pk": 4, "model": "DataManager.enhancementgroup", "fields": {"enhancement_functions": "2,10", "applicable_to": 0, "name": "70s hipass purple", "post_enhancement": false}}, {"pk": 5, "model": "DataManager.enhancementgroup", "fields": {"enhancement_functions": "8,7", "applicable_to": 0, "name": "70s enrich vignette", "post_enhancement": false}}, {"pk": 6, "model": "DataManager.enhancementgroup", "fields": {"enhancement_functions": "8,9", "applicable_to": 0, "name": "70s rainbow", "post_enhancement": false}}, {"pk": 7, "model": "DataManager.enhancementgroup", "fields": {"enhancement_functions": "3", "applicable_to": 0, "name": "70s Lichtenstein", "post_enhancement": false}}, {"pk": 8, "model": "DataManager.enhancementgroup", "fields": {"enhancement_functions": "10,9", "applicable_to": 0, "name": "70s rainbow purple", "post_enhancement": false}}, {"pk": 9, "model": "DataManager.enhancementgroup", "fields": {"enhancement_functions": "5,11", "applicable_to": 0, "name": "70s bw yellow", "post_enhancement": false}}, {"pk": 10, "model": "DataManager.enhancementgroup", "fields": {"enhancement_functions": "3", "applicable_to": 0, "name": "70s burn", "post_enhancement": false}}, {"pk": 11, "model": "DataManager.enhancementgroup", "fields": {"enhancement_functions": "1,2", "applicable_to": 1, "name": "font + comfortaa", "post_enhancement": true}}, {"pk": 12, "model": "DataManager.enhancementgroup", "fields": {"enhancement_functions": "12", "applicable_to": 0, "name": " Just Red", "post_enhancement": false}}, {"pk": 13, "model": "DataManager.enhancementgroup", "fields": {"enhancement_functions": "11", "applicable_to": 0, "name": "Just Yellow", "post_enhancement": false}}, {"pk": 14, "model": "DataManager.enhancementgroup", "fields": {"enhancement_functions": "10", "applicable_to": 0, "name": "Just Purple", "post_enhancement": false}}, {"pk": 15, "model": "DataManager.enhancementgroup", "fields": {"enhancement_functions": "7", "applicable_to": 0, "name": "Just Vignette", "post_enhancement": false}}, {"pk": 16, "model": "DataManager.enhancementgroup", "fields": {"enhancement_functions": "", "applicable_to": 0, "name": "No Enhancement", "post_enhancement": false}}, {"pk": 1, "model": "DataManager.theme", "fields": {"name": "70s", "enhancement_groups": [11, 12, 13, 14, 16]}}, {"pk": 1, "model": "DataManager.themedata", "fields": {"theme": 1, "data_path": "70s/frame/frame1.png", "type": 1, "parameters": "+30 +30"}}, {"pk": 2, "model": "DataManager.themedata", "fields": {"theme": 1, "data_path": "70s/stubphoto/duran.png", "type": 2, "parameters": ""}}, {"pk": 3, "model": "DataManager.themedata", "fields": {"theme": 1, "data_path": "70s/stubphoto/sabri.png", "type": 2, "parameters": ""}}, {"pk": 4, "model": "DataManager.themedata", "fields": {"theme": 1, "data_path": "70s/stubphoto/lips.png", "type": 2, "parameters": ""}}, {"pk": 5, "model": "DataManager.themedata", "fields": {"theme": 1, "data_path": "70s/frame/rainbow-frame.png", "type": 1, "parameters": "+0 +0"}}, {"pk": 6, "model": "DataManager.themedata", "fields": {"theme": 1, "data_path": "70s/stubphoto/red-car.png", "type": 2, "parameters": ""}}, {"pk": 7, "model": "DataManager.themedata", "fields": {"theme": 1, "data_path": "70s/stubphoto/retro-text.png", "type": 2, "parameters": ""}}, {"pk": 8, "model": "DataManager.themedata", "fields": {"theme": 1, "data_path": "70s/frame/ugly.png", "type": 1, "parameters": "+10 +10"}}, {"pk": 9, "model": "DataManager.themedata", "fields": {"theme": 1, "data_path": "70s/stubphoto/kermit.png", "type": 2, "parameters": ""}}, {"pk": 10, "model": "DataManager.themedata", "fields": {"theme": 1, "data_path": "70s/stubphoto/lava.png", "type": 2, "parameters": ""}}, {"pk": 11, "model": "DataManager.themedata", "fields": {"theme": 1, "data_path": "70s/background/radio.jpg", "type": 0, "parameters": ""}}, {"pk": 12, "model": "DataManager.themedata", "fields": {"theme": 1, "data_path": "70s/background/retro.jpg", "type": 0, "parameters": ""}}, {"pk": 13, "model": "DataManager.themedata", "fields": {"theme": 1, "data_path": "70s/background/record.jpg", "type": 0, "parameters": ""}}, {"pk": 14, "model": "DataManager.themedata", "fields": {"theme": 1, "data_path": "70s/background/stripe.jpg", "type": 0, "parameters": ""}}, {"pk": 15, "model": "DataManager.themedata", "fields": {"theme": 1, "data_path": "70s/background/rainbow-car.jpg", "type": 0, "parameters": ""}}, {"pk": 16, "model": "DataManager.themedata", "fields": {"theme": 1, "data_path": "70s/background/cloud-rainbow.jpg", "type": 0, "parameters": ""}}, {"pk": 18, "model": "DataManager.themedata", "fields": {"theme": 1, "data_path": "70s/stubphoto/stormtrooper.png", "type": 2, "parameters": ""}}, {"pk": 19, "model": "DataManager.themedata", "fields": {"theme": 1, "data_path": "70s/stubphoto/laser.png", "type": 2, "parameters": ""}}, {"pk": 20, "model": "DataManager.themedata", "fields": {"theme": 1, "data_path": "70s/stubphoto/atat.png", "type": 2, "parameters": ""}}, {"pk": 21, "model": "DataManager.themedata", "fields": {"theme": 1, "data_path": "70s/stubphoto/r2d2.png", "type": 2, "parameters": ""}}, {"pk": 22, "model": "DataManager.themedata", "fields": {"theme": 1, "data_path": "70s/stubphoto/laser2.png", "type": 2, "parameters": ""}}, {"pk": 23, "model": "DataManager.themedata", "fields": {"theme": 1, "data_path": "70s/status-background/statusbg.png", "type": 5, "parameters": "margin-bottom:40px"}}, {"pk": 24, "model": "DataManager.themedata", "fields": {"theme": 1, "data_path": "70s/font/comfortaa", "type": 3, "parameters": "0.8em 'comfortaa', sans-serif"}}, {"pk": 25, "model": "DataManager.themedata", "fields": {"theme": 1, "data_path": "ogg=70s/music/cheri.ogg,\r\nmp3=70s/music/cheri.mp3", "type": 4, "parameters": ""}}, {"pk": 26, "model": "DataManager.themedata", "fields": {"theme": 1, "data_path": "ogg=70s/music/kungfu.ogg,\r\nmp3=70s/music/kungfu.mp3", "type": 4, "parameters": ""}}, {"pk": 27, "model": "DataManager.themedata", "fields": {"theme": 1, "data_path": "70s/status-background/statusbg2.png", "type": 5, "parameters": "margin-bottom:40px"}}, {"pk": 28, "model": "DataManager.themedata", "fields": {"theme": 1, "data_path": "70s/status-background/statusbg3.png", "type": 5, "parameters": "margin-top:25px,margin-bottom:40px"}}, {"pk": 29, "model": "DataManager.themedata", "fields": {"theme": 1, "data_path": "ogg=70s/music/funky.mp3,\r\nmp3=70s/music/funky.mp3", "type": 4, "parameters": ""}}, {"pk": 30, "model": "DataManager.themedata", "fields": {"theme": 1, "data_path": "ogg=70s/music/freak.mp3,\r\nmp3=70s/music/freak.mp3", "type": 4, "parameters": ""}}, {"pk": 31, "model": "DataManager.themedata", "fields": {"theme": 1, "data_path": "ogg=70s/music/stayin.mp3,\r\nmp3=70s/music/stayin.mp3", "type": 4, "parameters": ""}}, {"pk": 32, "model": "DataManager.themedata", "fields": {"theme": 1, "data_path": "70s/stubphoto/disco.png", "type": 2, "parameters": ""}}, {"pk": 1, "model": "DataManager.scenario", "fields": {"name": "70s main", "compatible_themes": [1]}}, {"pk": 1, "model": "DataManager.animationgroup", "fields": {"name": "flying kick", "scenario": 1, "needed_location": 0, "needed_bg": 0, "needed_status": 0, "duration": 3, "needed_music": 0, "type": 2, "needed_photo": 0}}, {"pk": 2, "model": "DataManager.animationgroup", "fields": {"name": "car right-to-left", "scenario": 1, "needed_location": 0, "needed_bg": 0, "needed_status": 0, "duration": 1, "needed_music": 0, "type": 2, "needed_photo": 0}}, {"pk": 3, "model": "DataManager.animationgroup", "fields": {"name": "bg-left", "scenario": 1, "needed_location": 0, "needed_bg": 0, "needed_status": 0, "duration": 2, "needed_music": 0, "type": 0, "needed_photo": 0}}, {"pk": 5, "model": "DataManager.animationgroup", "fields": {"name": "Interaction:fast left(css-right)", "scenario": null, "needed_location": 0, "needed_bg": 0, "needed_status": 0, "duration": 1, "needed_music": 0, "type": 4, "needed_photo": 0}}, {"pk": 8, "model": "DataManager.animationgroup", "fields": {"name": "Interaction:scale 1.2", "scenario": null, "needed_location": 0, "needed_bg": 0, "needed_status": 0, "duration": 1, "needed_music": 0, "type": 4, "needed_photo": 0}}, {"pk": 9, "model": "DataManager.animationgroup", "fields": {"name": "Yomoho", "scenario": 1, "needed_location": 0, "needed_bg": 0, "needed_status": 0, "duration": 10, "needed_music": 0, "type": 3, "needed_photo": 3}}, {"pk": 10, "model": "DataManager.animationgroup", "fields": {"name": "Music Animation", "scenario": 1, "needed_location": 0, "needed_bg": 0, "needed_status": 0, "duration": 4000, "needed_music": 0, "type": 1, "needed_photo": 0}}, {"pk": 12, "model": "DataManager.animationgroup", "fields": {"name": "Bubbles", "scenario": 1, "needed_location": 0, "needed_bg": 0, "needed_status": 0, "duration": 10, "needed_music": 0, "type": 3, "needed_photo": 4}}, {"pk": 13, "model": "DataManager.animationgroup", "fields": {"name": "stormtrooper", "scenario": 1, "needed_location": 0, "needed_bg": 0, "needed_status": 0, "duration": 1, "needed_music": 0, "type": 2, "needed_photo": 0}}, {"pk": 14, "model": "DataManager.animationgroup", "fields": {"name": "Interaction:stormtrooper click fire", "scenario": null, "needed_location": 0, "needed_bg": 0, "needed_status": 0, "duration": 1, "needed_music": 0, "type": 4, "needed_photo": 0}}, {"pk": 15, "model": "DataManager.animationgroup", "fields": {"name": "r2d2", "scenario": 1, "needed_location": 0, "needed_bg": 0, "needed_status": 0, "duration": 4, "needed_music": 0, "type": 2, "needed_photo": 0}}, {"pk": 16, "model": "DataManager.animationgroup", "fields": {"name": "Photo with statuses", "scenario": 1, "needed_location": 0, "needed_bg": 0, "needed_status": 4, "duration": 10, "needed_music": 0, "type": 3, "needed_photo": 1}}, {"pk": 17, "model": "DataManager.animationgroup", "fields": {"name": "Background top-left", "scenario": 1, "needed_location": 0, "needed_bg": 0, "needed_status": 0, "duration": 20, "needed_music": 0, "type": 0, "needed_photo": 0}}, {"pk": 18, "model": "DataManager.animationgroup", "fields": {"name": "Bg bottom left", "scenario": 1, "needed_location": 0, "needed_bg": 0, "needed_status": 0, "duration": 20, "needed_music": 0, "type": 0, "needed_photo": 0}}, {"pk": 19, "model": "DataManager.animationgroup", "fields": {"name": "Interaction:disappear", "scenario": null, "needed_location": 0, "needed_bg": 0, "needed_status": 0, "duration": 1, "needed_music": 0, "type": 4, "needed_photo": 0}}, {"pk": 20, "model": "DataManager.animationgroup", "fields": {"name": "Interaction:flip to disappear on click", "scenario": null, "needed_location": 0, "needed_bg": 0, "needed_status": 0, "duration": 1, "needed_music": 0, "type": 4, "needed_photo": 0}}, {"pk": 21, "model": "DataManager.animationgroup", "fields": {"name": "Interaction:fast left(css-left)", "scenario": null, "needed_location": 0, "needed_bg": 0, "needed_status": 0, "duration": 1, "needed_music": 0, "type": 4, "needed_photo": 0}}, {"pk": 22, "model": "DataManager.animationgroup", "fields": {"name": "Photo Pop", "scenario": 1, "needed_location": 0, "needed_bg": 0, "needed_status": 0, "duration": 15, "needed_music": 0, "type": 3, "needed_photo": 8}}, {"pk": 23, "model": "DataManager.animationgroup", "fields": {"name": "disco ball", "scenario": 1, "needed_location": 0, "needed_bg": 0, "needed_status": 0, "duration": 2, "needed_music": 0, "type": 2, "needed_photo": 0}}, {"pk": 24, "model": "DataManager.animationgroup", "fields": {"name": "kermit jump", "scenario": 1, "needed_location": 0, "needed_bg": 0, "needed_status": 0, "duration": 1, "needed_music": 0, "type": 2, "needed_photo": 0}}, {"pk": 25, "model": "DataManager.animationgroup", "fields": {"name": "4 Sides", "scenario": 1, "needed_location": 0, "needed_bg": 0, "needed_status": 0, "duration": 14, "needed_music": 0, "type": 3, "needed_photo": 4}}, {"pk": 26, "model": "DataManager.animationgroup", "fields": {"name": "Photos with tweets", "scenario": 1, "needed_location": 0, "needed_bg": 0, "needed_status": 2, "duration": 10, "needed_music": 0, "type": 3, "needed_photo": 2}}, {"pk": 27, "model": "DataManager.animationgroup", "fields": {"name": "Music 20 seconds", "scenario": 1, "needed_location": 0, "needed_bg": 0, "needed_status": 0, "duration": 2000, "needed_music": 0, "type": 1, "needed_photo": 0}}, {"pk": 28, "model": "DataManager.animationgroup", "fields": {"name": "Interaction: Scale up to disappear", "scenario": null, "needed_location": 0, "needed_bg": 0, "needed_status": 0, "duration": 1, "needed_music": 0, "type": 4, "needed_photo": 0}}, {"pk": 29, "model": "DataManager.animationgroup", "fields": {"name": "Interaction: Shrink to disappear", "scenario": null, "needed_location": 0, "needed_bg": 0, "needed_status": 0, "duration": 1, "needed_music": 0, "type": 4, "needed_photo": 0}}, {"pk": 30, "model": "DataManager.animationgroup", "fields": {"name": "Monolithic music", "scenario": 1, "needed_location": 0, "needed_bg": 0, "needed_status": 0, "duration": 1, "needed_music": 0, "type": 1, "needed_photo": 0}}, {"pk": 1, "model": "DataManager.userinteractionanimationgroup", "fields": {"disable_further_interaction": false, "stop_current_animation": true, "name": "fast left (right)", "clear_further_animations": false, "animations": 5}}, {"pk": 2, "model": "DataManager.userinteractionanimationgroup", "fields": {"disable_further_interaction": true, "stop_current_animation": false, "name": "scale 1.2", "clear_further_animations": false, "animations": 8}}, {"pk": 3, "model": "DataManager.userinteractionanimationgroup", "fields": {"disable_further_interaction": false, "stop_current_animation": false, "name": "fire!", "clear_further_animations": false, "animations": 14}}, {"pk": 4, "model": "DataManager.userinteractionanimationgroup", "fields": {"disable_further_interaction": false, "stop_current_animation": false, "name": "fade out", "clear_further_animations": false, "animations": 19}}, {"pk": 5, "model": "DataManager.userinteractionanimationgroup", "fields": {"disable_further_interaction": false, "stop_current_animation": false, "name": "flip to disappear", "clear_further_animations": false, "animations": 20}}, {"pk": 6, "model": "DataManager.userinteractionanimationgroup", "fields": {"disable_further_interaction": false, "stop_current_animation": false, "name": "fast left (left)", "clear_further_animations": false, "animations": 21}}, {"pk": 7, "model": "DataManager.userinteractionanimationgroup", "fields": {"disable_further_interaction": true, "stop_current_animation": true, "name": "Click to shrink", "clear_further_animations": true, "animations": 29}}, {"pk": 8, "model": "DataManager.userinteractionanimationgroup", "fields": {"disable_further_interaction": true, "stop_current_animation": true, "name": "Click to grow", "clear_further_animations": true, "animations": 28}}]