[{"pk": 2, "model": "DataManager.momend", "fields": {"create_date": "2013-02-04T12:23:27.443Z", "name": "jggjgggh", "privacy": 1, "momend_end_date": "2013-02-04T06:00:00Z", "owner": 1, "momend_start_date": "2013-01-04T06:00:00Z", "thumbnail": "operational_files/userdata/thumbnail/momend_2_thumb.jpg"}}, {"pk": 3, "model": "DataManager.momend", "fields": {"create_date": "2013-02-04T13:49:45.701Z", "name": "dfgdfg", "privacy": 1, "momend_end_date": "2013-02-04T06:00:00Z", "owner": 1, "momend_start_date": "2013-01-04T06:00:00Z", "thumbnail": "operational_files/userdata/thumbnail/momend_3_thumb.jpg"}}, {"pk": 4, "model": "DataManager.momend", "fields": {"create_date": "2013-02-04T13:56:14.568Z", "name": "bnkjk", "privacy": 1, "momend_end_date": "2013-02-04T06:00:00Z", "owner": 1, "momend_start_date": "2013-01-04T06:00:00Z", "thumbnail": "operational_files/userdata/thumbnail/momend_4_thumb.jpg"}}, {"pk": 5, "model": "DataManager.momend", "fields": {"create_date": "2013-02-04T13:58:27.486Z", "name": "fghfgh", "privacy": 1, "momend_end_date": "2013-02-04T06:00:00Z", "owner": 1, "momend_start_date": "2013-01-04T06:00:00Z", "thumbnail": "operational_files/userdata/thumbnail/momend_5_thumb.jpg"}}, {"pk": 6, "model": "DataManager.momend", "fields": {"create_date": "2013-02-04T14:03:57.735Z", "name": "544thy", "privacy": 1, "momend_end_date": "2013-02-04T06:00:00Z", "owner": 1, "momend_start_date": "2013-01-04T06:00:00Z", "thumbnail": "operational_files/userdata/thumbnail/momend_6_thumb.jpg"}}, {"pk": 7, "model": "DataManager.momend", "fields": {"create_date": "2013-02-04T14:10:53.778Z", "name": "ertert", "privacy": 1, "momend_end_date": "2013-02-04T06:00:00Z", "owner": 1, "momend_start_date": "2013-01-04T06:00:00Z", "thumbnail": "operational_files/userdata/thumbnail/momend_7_thumb.jpg"}}, {"pk": 8, "model": "DataManager.momend", "fields": {"create_date": "2013-02-04T14:29:58.587Z", "name": "erterte", "privacy": 1, "momend_end_date": "2013-02-04T06:00:00Z", "owner": 1, "momend_start_date": "2013-01-04T06:00:00Z", "thumbnail": "operational_files/userdata/thumbnail/momend_8_thumb.jpg"}}, {"pk": 9, "model": "DataManager.momend", "fields": {"create_date": "2013-02-04T15:57:40.530Z", "name": "erert", "privacy": 1, "momend_end_date": "2013-02-04T06:00:00Z", "owner": 1, "momend_start_date": "2013-01-04T06:00:00Z", "thumbnail": "operational_files/userdata/thumbnail/momend_9_thumb.jpg"}}, {"pk": 10, "model": "DataManager.momend", "fields": {"create_date": "2013-02-04T15:59:50.203Z", "name": "uhuhuh", "privacy": 1, "momend_end_date": "2013-02-04T06:00:00Z", "owner": 1, "momend_start_date": "2013-01-04T06:00:00Z", "thumbnail": "operational_files/userdata/thumbnail/momend_10_thumb.jpg"}}, {"pk": 11, "model": "DataManager.momend", "fields": {"create_date": "2013-02-04T16:01:55.524Z", "name": "kjkjkjk", "privacy": 1, "momend_end_date": "2013-02-04T06:00:00Z", "owner": 1, "momend_start_date": "2013-01-04T06:00:00Z", "thumbnail": "operational_files/userdata/thumbnail/momend_11_thumb.jpg"}}, {"pk": 1, "model": "DataManager.deletedmomend", "fields": {"delete_date": "2013-02-04T15:59:36.563Z", "create_date": "2013-02-04T15:59:36.563Z", "name": "jggjgggh", "privacy": 0, "play_count": 0, "momend_end_date": "2013-02-04T06:00:00Z", "owner": 1, "momend_start_date": "2013-01-04T06:00:00Z", "thumbnail": null}}, {"pk": 1, "model": "DataManager.momendscore", "fields": {"momend": 2, "provider_score": 30}}, {"pk": 2, "model": "DataManager.momendscore", "fields": {"momend": 3, "provider_score": 20}}, {"pk": 3, "model": "DataManager.momendscore", "fields": {"momend": 4, "provider_score": 30}}, {"pk": 4, "model": "DataManager.momendscore", "fields": {"momend": 5, "provider_score": 30}}, {"pk": 5, "model": "DataManager.momendscore", "fields": {"momend": 6, "provider_score": 20}}, {"pk": 6, "model": "DataManager.momendscore", "fields": {"momend": 7, "provider_score": 30}}, {"pk": 7, "model": "DataManager.momendscore", "fields": {"momend": 8, "provider_score": 44}}, {"pk": 8, "model": "DataManager.momendscore", "fields": {"momend": 9, "provider_score": 30}}, {"pk": 9, "model": "DataManager.momendscore", "fields": {"momend": 10, "provider_score": 44}}, {"pk": 10, "model": "DataManager.momendscore", "fields": {"momend": 11, "provider_score": 44}}, {"pk": 4, "model": "DataManager.animationlayer", "fields": {"momend": 2, "is_interaction": false, "layer": 0, "description": "Background Layer"}}, {"pk": 5, "model": "DataManager.animationlayer", "fields": {"momend": 2, "is_interaction": false, "layer": 1, "description": "Main Layer"}}, {"pk": 6, "model": "DataManager.animationlayer", "fields": {"momend": 2, "is_interaction": false, "layer": 2, "description": "Music Layer"}}, {"pk": 7, "model": "DataManager.animationlayer", "fields": {"momend": 3, "is_interaction": false, "layer": 0, "description": "Background Layer"}}, {"pk": 8, "model": "DataManager.animationlayer", "fields": {"momend": 3, "is_interaction": false, "layer": 1, "description": "Main Layer"}}, {"pk": 9, "model": "DataManager.animationlayer", "fields": {"momend": 3, "is_interaction": false, "layer": 2, "description": "Music Layer"}}, {"pk": 10, "model": "DataManager.animationlayer", "fields": {"momend": 4, "is_interaction": false, "layer": 0, "description": "Background Layer"}}, {"pk": 11, "model": "DataManager.animationlayer", "fields": {"momend": 4, "is_interaction": false, "layer": 1, "description": "Main Layer"}}, {"pk": 12, "model": "DataManager.animationlayer", "fields": {"momend": 4, "is_interaction": false, "layer": 2, "description": "Music Layer"}}, {"pk": 13, "model": "DataManager.animationlayer", "fields": {"momend": 5, "is_interaction": false, "layer": 0, "description": "Background Layer"}}, {"pk": 14, "model": "DataManager.animationlayer", "fields": {"momend": 5, "is_interaction": false, "layer": 1, "description": "Main Layer"}}, {"pk": 15, "model": "DataManager.animationlayer", "fields": {"momend": 5, "is_interaction": false, "layer": 2, "description": "Music Layer"}}, {"pk": 16, "model": "DataManager.animationlayer", "fields": {"momend": 6, "is_interaction": false, "layer": 0, "description": "Background Layer"}}, {"pk": 17, "model": "DataManager.animationlayer", "fields": {"momend": 6, "is_interaction": false, "layer": 1, "description": "Main Layer"}}, {"pk": 18, "model": "DataManager.animationlayer", "fields": {"momend": 6, "is_interaction": false, "layer": 2, "description": "Music Layer"}}, {"pk": 19, "model": "DataManager.animationlayer", "fields": {"momend": 7, "is_interaction": false, "layer": 0, "description": "Background Layer"}}, {"pk": 20, "model": "DataManager.animationlayer", "fields": {"momend": 7, "is_interaction": false, "layer": 1, "description": "Main Layer"}}, {"pk": 21, "model": "DataManager.animationlayer", "fields": {"momend": 7, "is_interaction": false, "layer": 2, "description": "Music Layer"}}, {"pk": 22, "model": "DataManager.animationlayer", "fields": {"momend": 8, "is_interaction": false, "layer": 0, "description": "Background Layer"}}, {"pk": 23, "model": "DataManager.animationlayer", "fields": {"momend": 8, "is_interaction": false, "layer": 1, "description": "Main Layer"}}, {"pk": 24, "model": "DataManager.animationlayer", "fields": {"momend": 8, "is_interaction": false, "layer": 2, "description": "Music Layer"}}, {"pk": 25, "model": "DataManager.animationlayer", "fields": {"momend": 9, "is_interaction": false, "layer": 0, "description": "Background Layer"}}, {"pk": 26, "model": "DataManager.animationlayer", "fields": {"momend": 9, "is_interaction": false, "layer": 1, "description": "Main Layer"}}, {"pk": 27, "model": "DataManager.animationlayer", "fields": {"momend": 9, "is_interaction": false, "layer": 2, "description": "Music Layer"}}, {"pk": 28, "model": "DataManager.animationlayer", "fields": {"momend": 10, "is_interaction": false, "layer": 0, "description": "Background Layer"}}, {"pk": 29, "model": "DataManager.animationlayer", "fields": {"momend": 10, "is_interaction": false, "layer": 1, "description": "Main Layer"}}, {"pk": 30, "model": "DataManager.animationlayer", "fields": {"momend": 10, "is_interaction": false, "layer": 2, "description": "Music Layer"}}, {"pk": 31, "model": "DataManager.animationlayer", "fields": {"momend": 11, "is_interaction": false, "layer": 0, "description": "Background Layer"}}, {"pk": 32, "model": "DataManager.animationlayer", "fields": {"momend": 11, "is_interaction": false, "layer": 1, "description": "Main Layer"}}, {"pk": 33, "model": "DataManager.animationlayer", "fields": {"momend": 11, "is_interaction": false, "layer": 2, "description": "Music Layer"}}, {"pk": 1, "model": "DataManager.provider", "fields": {"module_name": "", "worker_name": "FacebookProviderWorker", "name": "Facebook", "package_name": "FacebookProvider"}}, {"pk": 2, "model": "DataManager.provider", "fields": {"module_name": "", "worker_name": "TwitterProviderWorker", "name": "Twitter", "package_name": "TwitterProvider"}}, {"pk": 1, "model": "DataManager.rawdata", "fields": {"create_date": "2013-01-20T02:25:37Z", "title": "", "type": 0, "original_path": "https://fbcdn-sphotos-e-a.akamaihd.net/hphotos-ak-prn1/s2048x2048/554442_10151345122424729_314427039_n.jpg", "comment_count": 2, "like_count": 2, "original_id": "10151345122424729", "provider": 1, "owner": 1, "fetch_date": "2013-02-04T12:22:02.242Z", "share_count": 0, "data": "operational_files/userdata/collected/ertan_Facebook_10151345122424729.jpg", "thumbnail": null}}, {"pk": 2, "model": "DataManager.rawdata", "fields": {"create_date": "2013-01-20T01:20:17Z", "title": "", "type": 0, "original_path": "https://fbcdn-sphotos-g-a.akamaihd.net/hphotos-ak-ash4/s2048x2048/486049_10151345047884729_25591531_n.jpg", "comment_count": 0, "like_count": 2, "original_id": "10151345047884729", "provider": 1, "owner": 1, "fetch_date": "2013-02-04T12:22:02.257Z", "share_count": 0, "data": "operational_files/userdata/collected/ertan_Facebook_10151345047884729.jpg", "thumbnail": null}}, {"pk": 3, "model": "DataManager.rawdata", "fields": {"create_date": "2013-01-14T00:24:29Z", "title": "", "type": 0, "original_path": "https://fbcdn-sphotos-g-a.akamaihd.net/hphotos-ak-snc7/457534_10151212279758404_1869667844_o.jpg", "comment_count": 0, "like_count": 2, "original_id": "10151212279758404", "provider": 1, "owner": 1, "fetch_date": "2013-02-04T12:22:02.271Z", "share_count": 0, "data": "operational_files/userdata/collected/ertan_Facebook_10151212279758404.jpg", "thumbnail": null}}, {"pk": 4, "model": "DataManager.rawdata", "fields": {"create_date": "2013-01-08T13:59:27Z", "title": "", "type": 2, "original_path": "", "comment_count": 0, "like_count": 0, "original_id": "10151333914521037", "provider": 1, "owner": 1, "fetch_date": "2013-02-04T12:22:02.286Z", "share_count": 0, "data": "Ankara Esenboga Airport (ESB)", "thumbnail": null}}, {"pk": 31, "model": "DataManager.outdata", "fields": {"selection_criteria": "Theme Asset", "parameters": "", "final_data_path": "70s/background/retro.jpg", "priority": 0, "raw": null, "theme": 1, "animation": 10, "owner_layer": 4}}, {"pk": 32, "model": "DataManager.outdata", "fields": {"selection_criteria": "Theme Asset", "parameters": "", "final_data_path": "70s/background/retro.jpg", "priority": 0, "raw": null, "theme": 1, "animation": 11, "owner_layer": 4}}, {"pk": 33, "model": "DataManager.outdata", "fields": {"selection_criteria": "Theme Asset", "parameters": "", "final_data_path": "70s/background/retro.jpg", "priority": 0, "raw": null, "theme": 1, "animation": 12, "owner_layer": 4}}, {"pk": 35, "model": "DataManager.outdata", "fields": {"selection_criteria": "Theme Asset", "parameters": "", "final_data_path": "70s/stubphoto/stormtrooper.png", "priority": 0, "raw": null, "theme": 1, "animation": 82, "owner_layer": 5}}, {"pk": 36, "model": "DataManager.outdata", "fields": {"selection_criteria": "Random", "parameters": null, "final_data_path": "operational_files/userdata/enhanced/ertan_Facebook_10151345047884729_2_enh1.jpg", "priority": 54, "raw": 2, "theme": 1, "animation": 25, "owner_layer": 5}}, {"pk": 37, "model": "DataManager.outdata", "fields": {"selection_criteria": "Random", "parameters": null, "final_data_path": "operational_files/userdata/enhanced/ertan_Facebook_10151345047884729_2_enh1.jpg", "priority": 54, "raw": 2, "theme": 1, "animation": 26, "owner_layer": 5}}, {"pk": 38, "model": "DataManager.outdata", "fields": {"selection_criteria": null, "parameters": null, "final_data_path": null, "priority": 0, "raw": null, "theme": 1, "animation": 27, "owner_layer": 5}}, {"pk": 39, "model": "DataManager.outdata", "fields": {"selection_criteria": "Random", "parameters": null, "final_data_path": "operational_files/userdata/enhanced/ertan_Facebook_10151345047884729_2_enh1.jpg", "priority": 54, "raw": 2, "theme": 1, "animation": 28, "owner_layer": 5}}, {"pk": 40, "model": "DataManager.outdata", "fields": {"selection_criteria": "Random", "parameters": null, "final_data_path": "operational_files/userdata/enhanced/ertan_Facebook_10151212279758404_2_enh1.jpg", "priority": 36, "raw": 3, "theme": 1, "animation": 29, "owner_layer": 5}}, {"pk": 41, "model": "DataManager.outdata", "fields": {"selection_criteria": "Random", "parameters": null, "final_data_path": "operational_files/userdata/enhanced/ertan_Facebook_10151212279758404_2_enh1.jpg", "priority": 36, "raw": 3, "theme": 1, "animation": 30, "owner_layer": 5}}, {"pk": 42, "model": "DataManager.outdata", "fields": {"selection_criteria": null, "parameters": null, "final_data_path": null, "priority": 0, "raw": null, "theme": 1, "animation": 31, "owner_layer": 5}}, {"pk": 43, "model": "DataManager.outdata", "fields": {"selection_criteria": "Random", "parameters": null, "final_data_path": "operational_files/userdata/enhanced/ertan_Facebook_10151212279758404_2_enh1.jpg", "priority": 36, "raw": 3, "theme": 1, "animation": 43, "owner_layer": 5}}, {"pk": 44, "model": "DataManager.outdata", "fields": {"selection_criteria": "Random", "parameters": null, "final_data_path": "operational_files/userdata/enhanced/ertan_Facebook_10151345122424729_2_enh1.jpg", "priority": 33, "raw": 1, "theme": 1, "animation": 44, "owner_layer": 5}}, {"pk": 45, "model": "DataManager.outdata", "fields": {"selection_criteria": "Random", "parameters": null, "final_data_path": "operational_files/userdata/enhanced/ertan_Facebook_10151345122424729_2_enh1.jpg", "priority": 33, "raw": 1, "theme": 1, "animation": 45, "owner_layer": 5}}, {"pk": 46, "model": "DataManager.outdata", "fields": {"selection_criteria": null, "parameters": null, "final_data_path": null, "priority": 0, "raw": null, "theme": 1, "animation": 46, "owner_layer": 5}}, {"pk": 47, "model": "DataManager.outdata", "fields": {"selection_criteria": "Random", "parameters": null, "final_data_path": "operational_files/userdata/enhanced/ertan_Facebook_10151345122424729_2_enh1.jpg", "priority": 33, "raw": 1, "theme": 1, "animation": 47, "owner_layer": 5}}, {"pk": 48, "model": "DataManager.outdata", "fields": {"selection_criteria": "Theme Asset", "parameters": "", "final_data_path": "70s/stubphoto/duran.png", "priority": 0, "raw": null, "theme": 1, "animation": 1, "owner_layer": 5}}, {"pk": 49, "model": "DataManager.outdata", "fields": {"selection_criteria": "Theme Asset", "parameters": "", "final_data_path": "70s/stubphoto/duran.png", "priority": 0, "raw": null, "theme": 1, "animation": 2, "owner_layer": 5}}, {"pk": 50, "model": "DataManager.outdata", "fields": {"selection_criteria": "Theme Asset", "parameters": "", "final_data_path": "70s/stubphoto/sabri.png", "priority": 0, "raw": null, "theme": 1, "animation": 3, "owner_layer": 5}}, {"pk": 51, "model": "DataManager.outdata", "fields": {"selection_criteria": "Theme Asset", "parameters": "", "final_data_path": "70s/stubphoto/sabri.png", "priority": 0, "raw": null, "theme": 1, "animation": 4, "owner_layer": 5}}, {"pk": 52, "model": "DataManager.outdata", "fields": {"selection_criteria": "Theme Asset", "parameters": "", "final_data_path": "70s/stubphoto/sabri.png", "priority": 0, "raw": null, "theme": 1, "animation": 5, "owner_layer": 5}}, {"pk": 53, "model": "DataManager.outdata", "fields": {"selection_criteria": null, "parameters": null, "final_data_path": null, "priority": 0, "raw": null, "theme": 1, "animation": 6, "owner_layer": 5}}, {"pk": 54, "model": "DataManager.outdata", "fields": {"selection_criteria": "Theme Asset", "parameters": "", "final_data_path": "70s/stubphoto/red-car.png", "priority": 0, "raw": null, "theme": 1, "animation": 7, "owner_layer": 5}}, {"pk": 55, "model": "DataManager.outdata", "fields": {"selection_criteria": "Theme Asset", "parameters": "", "final_data_path": "70s/stubphoto/red-car.png", "priority": 0, "raw": null, "theme": 1, "animation": 8, "owner_layer": 5}}, {"pk": 56, "model": "DataManager.outdata", "fields": {"selection_criteria": "Theme Asset", "parameters": "", "final_data_path": "http://a308.phobos.apple.com/us/r1000/075/Music/80/00/66/mzm.eqatqcau.aac.p.m4a", "priority": 0, "raw": null, "theme": 1, "animation": 32, "owner_layer": 6}}, {"pk": 57, "model": "DataManager.outdata", "fields": {"selection_criteria": "Theme Asset", "parameters": "", "final_data_path": "http://a308.phobos.apple.com/us/r1000/075/Music/80/00/66/mzm.eqatqcau.aac.p.m4a", "priority": 0, "raw": null, "theme": 1, "animation": 33, "owner_layer": 6}}, {"pk": 58, "model": "DataManager.outdata", "fields": {"selection_criteria": null, "parameters": null, "final_data_path": null, "priority": 0, "raw": null, "theme": 1, "animation": 34, "owner_layer": 6}}, {"pk": 59, "model": "DataManager.outdata", "fields": {"selection_criteria": "Theme Asset", "parameters": "", "final_data_path": "http://a308.phobos.apple.com/us/r1000/075/Music/80/00/66/mzm.eqatqcau.aac.p.m4a", "priority": 0, "raw": null, "theme": 1, "animation": 35, "owner_layer": 6}}, {"pk": 60, "model": "DataManager.outdata", "fields": {"selection_criteria": "Theme Asset", "parameters": "", "final_data_path": "http://a308.phobos.apple.com/us/r1000/075/Music/80/00/66/mzm.eqatqcau.aac.p.m4a", "priority": 0, "raw": null, "theme": 1, "animation": 36, "owner_layer": 6}}, {"pk": 61, "model": "DataManager.outdata", "fields": {"selection_criteria": "Theme Asset", "parameters": "", "final_data_path": "70s/background/rainbow-car.jpg", "priority": 0, "raw": null, "theme": 1, "animation": 10, "owner_layer": 7}}, {"pk": 62, "model": "DataManager.outdata", "fields": {"selection_criteria": "Theme Asset", "parameters": "", "final_data_path": "70s/background/rainbow-car.jpg", "priority": 0, "raw": null, "theme": 1, "animation": 11, "owner_layer": 7}}, {"pk": 63, "model": "DataManager.outdata", "fields": {"selection_criteria": "Theme Asset", "parameters": "", "final_data_path": "70s/background/rainbow-car.jpg", "priority": 0, "raw": null, "theme": 1, "animation": 12, "owner_layer": 7}}, {"pk": 64, "model": "DataManager.outdata", "fields": {"selection_criteria": "Theme Asset", "parameters": "", "final_data_path": "70s/stubphoto/duran.png", "priority": 0, "raw": null, "theme": 1, "animation": 1, "owner_layer": 8}}, {"pk": 65, "model": "DataManager.outdata", "fields": {"selection_criteria": "Theme Asset", "parameters": "", "final_data_path": "70s/stubphoto/duran.png", "priority": 0, "raw": null, "theme": 1, "animation": 2, "owner_layer": 8}}, {"pk": 66, "model": "DataManager.outdata", "fields": {"selection_criteria": "Theme Asset", "parameters": "", "final_data_path": "70s/stubphoto/sabri.png", "priority": 0, "raw": null, "theme": 1, "animation": 3, "owner_layer": 8}}, {"pk": 67, "model": "DataManager.outdata", "fields": {"selection_criteria": "Theme Asset", "parameters": "", "final_data_path": "70s/stubphoto/sabri.png", "priority": 0, "raw": null, "theme": 1, "animation": 4, "owner_layer": 8}}, {"pk": 68, "model": "DataManager.outdata", "fields": {"selection_criteria": "Theme Asset", "parameters": "", "final_data_path": "70s/stubphoto/sabri.png", "priority": 0, "raw": null, "theme": 1, "animation": 5, "owner_layer": 8}}, {"pk": 69, "model": "DataManager.outdata", "fields": {"selection_criteria": null, "parameters": null, "final_data_path": null, "priority": 0, "raw": null, "theme": 1, "animation": 6, "owner_layer": 8}}, {"pk": 71, "model": "DataManager.outdata", "fields": {"selection_criteria": "Theme Asset", "parameters": "", "final_data_path": "70s/stubphoto/stormtrooper.png", "priority": 0, "raw": null, "theme": 1, "animation": 82, "owner_layer": 8}}, {"pk": 72, "model": "DataManager.outdata", "fields": {"selection_criteria": "Theme Asset", "parameters": "", "final_data_path": "70s/stubphoto/laser.png", "priority": 0, "raw": null, "theme": 1, "animation": 85, "owner_layer": 8}}, {"pk": 73, "model": "DataManager.outdata", "fields": {"selection_criteria": "Theme Asset", "parameters": "", "final_data_path": "70s/stubphoto/laser.png", "priority": 0, "raw": null, "theme": 1, "animation": 86, "owner_layer": 8}}, {"pk": 74, "model": "DataManager.outdata", "fields": {"selection_criteria": "Random", "parameters": null, "final_data_path": "operational_files/userdata/enhanced/ertan_Facebook_10151345047884729_3_enh1.jpg", "priority": 97, "raw": 2, "theme": 1, "animation": 13, "owner_layer": 8}}, {"pk": 75, "model": "DataManager.outdata", "fields": {"selection_criteria": "Random", "parameters": null, "final_data_path": "operational_files/userdata/enhanced/ertan_Facebook_10151345047884729_3_enh1.jpg", "priority": 97, "raw": 2, "theme": 1, "animation": 14, "owner_layer": 8}}, {"pk": 76, "model": "DataManager.outdata", "fields": {"selection_criteria": null, "parameters": null, "final_data_path": null, "priority": 0, "raw": null, "theme": 1, "animation": 40, "owner_layer": 8}}, {"pk": 77, "model": "DataManager.outdata", "fields": {"selection_criteria": "Random", "parameters": null, "final_data_path": "operational_files/userdata/enhanced/ertan_Facebook_10151212279758404_3_enh1.jpg", "priority": 53, "raw": 3, "theme": 1, "animation": 15, "owner_layer": 8}}, {"pk": 78, "model": "DataManager.outdata", "fields": {"selection_criteria": "Random", "parameters": null, "final_data_path": "operational_files/userdata/enhanced/ertan_Facebook_10151212279758404_3_enh1.jpg", "priority": 53, "raw": 3, "theme": 1, "animation": 16, "owner_layer": 8}}, {"pk": 79, "model": "DataManager.outdata", "fields": {"selection_criteria": null, "parameters": null, "final_data_path": null, "priority": 0, "raw": null, "theme": 1, "animation": 41, "owner_layer": 8}}, {"pk": 80, "model": "DataManager.outdata", "fields": {"selection_criteria": "Random", "parameters": null, "final_data_path": "operational_files/userdata/enhanced/ertan_Facebook_10151345122424729_3_enh1.jpg", "priority": 34, "raw": 1, "theme": 1, "animation": 17, "owner_layer": 8}}, {"pk": 81, "model": "DataManager.outdata", "fields": {"selection_criteria": "Random", "parameters": null, "final_data_path": "operational_files/userdata/enhanced/ertan_Facebook_10151345122424729_3_enh1.jpg", "priority": 34, "raw": 1, "theme": 1, "animation": 18, "owner_layer": 8}}, {"pk": 82, "model": "DataManager.outdata", "fields": {"selection_criteria": null, "parameters": null, "final_data_path": null, "priority": 0, "raw": null, "theme": 1, "animation": 42, "owner_layer": 8}}, {"pk": 83, "model": "DataManager.outdata", "fields": {"selection_criteria": "Theme Asset", "parameters": "", "final_data_path": "70s/stubphoto/red-car.png", "priority": 0, "raw": null, "theme": 1, "animation": 7, "owner_layer": 8}}, {"pk": 84, "model": "DataManager.outdata", "fields": {"selection_criteria": "Theme Asset", "parameters": "", "final_data_path": "70s/stubphoto/red-car.png", "priority": 0, "raw": null, "theme": 1, "animation": 8, "owner_layer": 8}}, {"pk": 85, "model": "DataManager.outdata", "fields": {"selection_criteria": "Theme Asset", "parameters": "", "final_data_path": "http://a308.phobos.apple.com/us/r1000/075/Music/80/00/66/mzm.eqatqcau.aac.p.m4a", "priority": 0, "raw": null, "theme": 1, "animation": 32, "owner_layer": 9}}, {"pk": 86, "model": "DataManager.outdata", "fields": {"selection_criteria": "Theme Asset", "parameters": "", "final_data_path": "http://a308.phobos.apple.com/us/r1000/075/Music/80/00/66/mzm.eqatqcau.aac.p.m4a", "priority": 0, "raw": null, "theme": 1, "animation": 33, "owner_layer": 9}}, {"pk": 87, "model": "DataManager.outdata", "fields": {"selection_criteria": null, "parameters": null, "final_data_path": null, "priority": 0, "raw": null, "theme": 1, "animation": 34, "owner_layer": 9}}, {"pk": 88, "model": "DataManager.outdata", "fields": {"selection_criteria": "Theme Asset", "parameters": "", "final_data_path": "http://a308.phobos.apple.com/us/r1000/075/Music/80/00/66/mzm.eqatqcau.aac.p.m4a", "priority": 0, "raw": null, "theme": 1, "animation": 35, "owner_layer": 9}}, {"pk": 89, "model": "DataManager.outdata", "fields": {"selection_criteria": "Theme Asset", "parameters": "", "final_data_path": "http://a308.phobos.apple.com/us/r1000/075/Music/80/00/66/mzm.eqatqcau.aac.p.m4a", "priority": 0, "raw": null, "theme": 1, "animation": 36, "owner_layer": 9}}, {"pk": 90, "model": "DataManager.outdata", "fields": {"selection_criteria": "Theme Asset", "parameters": "", "final_data_path": "70s/background/cloud-rainbow.jpg", "priority": 0, "raw": null, "theme": 1, "animation": 10, "owner_layer": 10}}, {"pk": 91, "model": "DataManager.outdata", "fields": {"selection_criteria": "Theme Asset", "parameters": "", "final_data_path": "70s/background/cloud-rainbow.jpg", "priority": 0, "raw": null, "theme": 1, "animation": 11, "owner_layer": 10}}, {"pk": 92, "model": "DataManager.outdata", "fields": {"selection_criteria": "Theme Asset", "parameters": "", "final_data_path": "70s/background/cloud-rainbow.jpg", "priority": 0, "raw": null, "theme": 1, "animation": 12, "owner_layer": 10}}, {"pk": 93, "model": "DataManager.outdata", "fields": {"selection_criteria": "Random", "parameters": null, "final_data_path": "operational_files/userdata/enhanced/ertan_Facebook_10151345122424729_4_enh1.jpg", "priority": 26, "raw": 1, "theme": 1, "animation": 25, "owner_layer": 11}}, {"pk": 94, "model": "DataManager.outdata", "fields": {"selection_criteria": "Random", "parameters": null, "final_data_path": "operational_files/userdata/enhanced/ertan_Facebook_10151345122424729_4_enh1.jpg", "priority": 26, "raw": 1, "theme": 1, "animation": 26, "owner_layer": 11}}, {"pk": 95, "model": "DataManager.outdata", "fields": {"selection_criteria": null, "parameters": null, "final_data_path": null, "priority": 0, "raw": null, "theme": 1, "animation": 27, "owner_layer": 11}}, {"pk": 96, "model": "DataManager.outdata", "fields": {"selection_criteria": "Random", "parameters": null, "final_data_path": "operational_files/userdata/enhanced/ertan_Facebook_10151345122424729_4_enh1.jpg", "priority": 26, "raw": 1, "theme": 1, "animation": 28, "owner_layer": 11}}, {"pk": 97, "model": "DataManager.outdata", "fields": {"selection_criteria": "Random", "parameters": null, "final_data_path": "operational_files/userdata/enhanced/ertan_Facebook_10151345047884729_4_enh1.jpg", "priority": 25, "raw": 2, "theme": 1, "animation": 29, "owner_layer": 11}}, {"pk": 98, "model": "DataManager.outdata", "fields": {"selection_criteria": "Random", "parameters": null, "final_data_path": "operational_files/userdata/enhanced/ertan_Facebook_10151345047884729_4_enh1.jpg", "priority": 25, "raw": 2, "theme": 1, "animation": 30, "owner_layer": 11}}, {"pk": 99, "model": "DataManager.outdata", "fields": {"selection_criteria": null, "parameters": null, "final_data_path": null, "priority": 0, "raw": null, "theme": 1, "animation": 31, "owner_layer": 11}}, {"pk": 100, "model": "DataManager.outdata", "fields": {"selection_criteria": "Random", "parameters": null, "final_data_path": "operational_files/userdata/enhanced/ertan_Facebook_10151345047884729_4_enh1.jpg", "priority": 25, "raw": 2, "theme": 1, "animation": 43, "owner_layer": 11}}, {"pk": 101, "model": "DataManager.outdata", "fields": {"selection_criteria": "Random", "parameters": null, "final_data_path": "operational_files/userdata/enhanced/ertan_Facebook_10151212279758404_4_enh1.jpg", "priority": 23, "raw": 3, "theme": 1, "animation": 44, "owner_layer": 11}}, {"pk": 102, "model": "DataManager.outdata", "fields": {"selection_criteria": "Random", "parameters": null, "final_data_path": "operational_files/userdata/enhanced/ertan_Facebook_10151212279758404_4_enh1.jpg", "priority": 23, "raw": 3, "theme": 1, "animation": 45, "owner_layer": 11}}, {"pk": 103, "model": "DataManager.outdata", "fields": {"selection_criteria": null, "parameters": null, "final_data_path": null, "priority": 0, "raw": null, "theme": 1, "animation": 46, "owner_layer": 11}}, {"pk": 104, "model": "DataManager.outdata", "fields": {"selection_criteria": "Random", "parameters": null, "final_data_path": "operational_files/userdata/enhanced/ertan_Facebook_10151212279758404_4_enh1.jpg", "priority": 23, "raw": 3, "theme": 1, "animation": 47, "owner_layer": 11}}, {"pk": 105, "model": "DataManager.outdata", "fields": {"selection_criteria": "Theme Asset", "parameters": "", "final_data_path": "70s/stubphoto/duran.png", "priority": 0, "raw": null, "theme": 1, "animation": 1, "owner_layer": 11}}, {"pk": 106, "model": "DataManager.outdata", "fields": {"selection_criteria": "Theme Asset", "parameters": "", "final_data_path": "70s/stubphoto/duran.png", "priority": 0, "raw": null, "theme": 1, "animation": 2, "owner_layer": 11}}, {"pk": 107, "model": "DataManager.outdata", "fields": {"selection_criteria": "Theme Asset", "parameters": "", "final_data_path": "70s/stubphoto/sabri.png", "priority": 0, "raw": null, "theme": 1, "animation": 3, "owner_layer": 11}}, {"pk": 108, "model": "DataManager.outdata", "fields": {"selection_criteria": "Theme Asset", "parameters": "", "final_data_path": "70s/stubphoto/sabri.png", "priority": 0, "raw": null, "theme": 1, "animation": 4, "owner_layer": 11}}, {"pk": 109, "model": "DataManager.outdata", "fields": {"selection_criteria": "Theme Asset", "parameters": "", "final_data_path": "70s/stubphoto/sabri.png", "priority": 0, "raw": null, "theme": 1, "animation": 5, "owner_layer": 11}}, {"pk": 110, "model": "DataManager.outdata", "fields": {"selection_criteria": null, "parameters": null, "final_data_path": null, "priority": 0, "raw": null, "theme": 1, "animation": 6, "owner_layer": 11}}, {"pk": 111, "model": "DataManager.outdata", "fields": {"selection_criteria": "Theme Asset", "parameters": "", "final_data_path": "70s/stubphoto/red-car.png", "priority": 0, "raw": null, "theme": 1, "animation": 7, "owner_layer": 11}}, {"pk": 112, "model": "DataManager.outdata", "fields": {"selection_criteria": "Theme Asset", "parameters": "", "final_data_path": "70s/stubphoto/red-car.png", "priority": 0, "raw": null, "theme": 1, "animation": 8, "owner_layer": 11}}, {"pk": 113, "model": "DataManager.outdata", "fields": {"selection_criteria": "Theme Asset", "parameters": "", "final_data_path": "70s/stubphoto/stormtrooper.png", "priority": 0, "raw": null, "theme": 1, "animation": 82, "owner_layer": 11}}, {"pk": 114, "model": "DataManager.outdata", "fields": {"selection_criteria": "Theme Asset", "parameters": "", "final_data_path": "70s/stubphoto/laser.png", "priority": 0, "raw": null, "theme": 1, "animation": 85, "owner_layer": 11}}, {"pk": 115, "model": "DataManager.outdata", "fields": {"selection_criteria": "Theme Asset", "parameters": "", "final_data_path": "70s/stubphoto/laser.png", "priority": 0, "raw": null, "theme": 1, "animation": 86, "owner_layer": 11}}, {"pk": 116, "model": "DataManager.outdata", "fields": {"selection_criteria": "Theme Asset", "parameters": "", "final_data_path": "http://a308.phobos.apple.com/us/r1000/075/Music/80/00/66/mzm.eqatqcau.aac.p.m4a", "priority": 0, "raw": null, "theme": 1, "animation": 32, "owner_layer": 12}}, {"pk": 117, "model": "DataManager.outdata", "fields": {"selection_criteria": "Theme Asset", "parameters": "", "final_data_path": "http://a308.phobos.apple.com/us/r1000/075/Music/80/00/66/mzm.eqatqcau.aac.p.m4a", "priority": 0, "raw": null, "theme": 1, "animation": 33, "owner_layer": 12}}, {"pk": 118, "model": "DataManager.outdata", "fields": {"selection_criteria": null, "parameters": null, "final_data_path": null, "priority": 0, "raw": null, "theme": 1, "animation": 34, "owner_layer": 12}}, {"pk": 119, "model": "DataManager.outdata", "fields": {"selection_criteria": "Theme Asset", "parameters": "", "final_data_path": "http://a308.phobos.apple.com/us/r1000/075/Music/80/00/66/mzm.eqatqcau.aac.p.m4a", "priority": 0, "raw": null, "theme": 1, "animation": 35, "owner_layer": 12}}, {"pk": 120, "model": "DataManager.outdata", "fields": {"selection_criteria": "Theme Asset", "parameters": "", "final_data_path": "http://a308.phobos.apple.com/us/r1000/075/Music/80/00/66/mzm.eqatqcau.aac.p.m4a", "priority": 0, "raw": null, "theme": 1, "animation": 36, "owner_layer": 12}}, {"pk": 121, "model": "DataManager.outdata", "fields": {"selection_criteria": "Theme Asset", "parameters": "", "final_data_path": "70s/background/retro.jpg", "priority": 0, "raw": null, "theme": 1, "animation": 10, "owner_layer": 13}}, {"pk": 122, "model": "DataManager.outdata", "fields": {"selection_criteria": "Theme Asset", "parameters": "", "final_data_path": "70s/background/retro.jpg", "priority": 0, "raw": null, "theme": 1, "animation": 11, "owner_layer": 13}}, {"pk": 123, "model": "DataManager.outdata", "fields": {"selection_criteria": "Theme Asset", "parameters": "", "final_data_path": "70s/background/retro.jpg", "priority": 0, "raw": null, "theme": 1, "animation": 12, "owner_layer": 13}}, {"pk": 124, "model": "DataManager.outdata", "fields": {"selection_criteria": "Theme Asset", "parameters": "", "final_data_path": "70s/stubphoto/duran.png", "priority": 0, "raw": null, "theme": 1, "animation": 1, "owner_layer": 14}}, {"pk": 125, "model": "DataManager.outdata", "fields": {"selection_criteria": "Theme Asset", "parameters": "", "final_data_path": "70s/stubphoto/duran.png", "priority": 0, "raw": null, "theme": 1, "animation": 2, "owner_layer": 14}}, {"pk": 126, "model": "DataManager.outdata", "fields": {"selection_criteria": "Theme Asset", "parameters": "", "final_data_path": "70s/stubphoto/sabri.png", "priority": 0, "raw": null, "theme": 1, "animation": 3, "owner_layer": 14}}, {"pk": 127, "model": "DataManager.outdata", "fields": {"selection_criteria": "Theme Asset", "parameters": "", "final_data_path": "70s/stubphoto/sabri.png", "priority": 0, "raw": null, "theme": 1, "animation": 4, "owner_layer": 14}}, {"pk": 128, "model": "DataManager.outdata", "fields": {"selection_criteria": "Theme Asset", "parameters": "", "final_data_path": "70s/stubphoto/sabri.png", "priority": 0, "raw": null, "theme": 1, "animation": 5, "owner_layer": 14}}, {"pk": 129, "model": "DataManager.outdata", "fields": {"selection_criteria": null, "parameters": null, "final_data_path": null, "priority": 0, "raw": null, "theme": 1, "animation": 6, "owner_layer": 14}}, {"pk": 130, "model": "DataManager.outdata", "fields": {"selection_criteria": "Random", "parameters": null, "final_data_path": "operational_files/userdata/enhanced/ertan_Facebook_10151345122424729_5_enh1.jpg", "priority": 84, "raw": 1, "theme": 1, "animation": 25, "owner_layer": 14}}, {"pk": 131, "model": "DataManager.outdata", "fields": {"selection_criteria": "Random", "parameters": null, "final_data_path": "operational_files/userdata/enhanced/ertan_Facebook_10151345122424729_5_enh1.jpg", "priority": 84, "raw": 1, "theme": 1, "animation": 26, "owner_layer": 14}}, {"pk": 132, "model": "DataManager.outdata", "fields": {"selection_criteria": null, "parameters": null, "final_data_path": null, "priority": 0, "raw": null, "theme": 1, "animation": 27, "owner_layer": 14}}, {"pk": 133, "model": "DataManager.outdata", "fields": {"selection_criteria": "Random", "parameters": null, "final_data_path": "operational_files/userdata/enhanced/ertan_Facebook_10151345122424729_5_enh1.jpg", "priority": 84, "raw": 1, "theme": 1, "animation": 28, "owner_layer": 14}}, {"pk": 134, "model": "DataManager.outdata", "fields": {"selection_criteria": "Random", "parameters": null, "final_data_path": "operational_files/userdata/enhanced/ertan_Facebook_10151212279758404_5_enh1.jpg", "priority": 48, "raw": 3, "theme": 1, "animation": 29, "owner_layer": 14}}, {"pk": 135, "model": "DataManager.outdata", "fields": {"selection_criteria": "Random", "parameters": null, "final_data_path": "operational_files/userdata/enhanced/ertan_Facebook_10151212279758404_5_enh1.jpg", "priority": 48, "raw": 3, "theme": 1, "animation": 30, "owner_layer": 14}}, {"pk": 136, "model": "DataManager.outdata", "fields": {"selection_criteria": null, "parameters": null, "final_data_path": null, "priority": 0, "raw": null, "theme": 1, "animation": 31, "owner_layer": 14}}, {"pk": 137, "model": "DataManager.outdata", "fields": {"selection_criteria": "Random", "parameters": null, "final_data_path": "operational_files/userdata/enhanced/ertan_Facebook_10151212279758404_5_enh1.jpg", "priority": 48, "raw": 3, "theme": 1, "animation": 43, "owner_layer": 14}}, {"pk": 138, "model": "DataManager.outdata", "fields": {"selection_criteria": "Random", "parameters": null, "final_data_path": "operational_files/userdata/enhanced/ertan_Facebook_10151345047884729_5_enh1.jpg", "priority": 46, "raw": 2, "theme": 1, "animation": 44, "owner_layer": 14}}, {"pk": 139, "model": "DataManager.outdata", "fields": {"selection_criteria": "Random", "parameters": null, "final_data_path": "operational_files/userdata/enhanced/ertan_Facebook_10151345047884729_5_enh1.jpg", "priority": 46, "raw": 2, "theme": 1, "animation": 45, "owner_layer": 14}}, {"pk": 140, "model": "DataManager.outdata", "fields": {"selection_criteria": null, "parameters": null, "final_data_path": null, "priority": 0, "raw": null, "theme": 1, "animation": 46, "owner_layer": 14}}, {"pk": 141, "model": "DataManager.outdata", "fields": {"selection_criteria": "Random", "parameters": null, "final_data_path": "operational_files/userdata/enhanced/ertan_Facebook_10151345047884729_5_enh1.jpg", "priority": 46, "raw": 2, "theme": 1, "animation": 47, "owner_layer": 14}}, {"pk": 142, "model": "DataManager.outdata", "fields": {"selection_criteria": "Theme Asset", "parameters": "", "final_data_path": "70s/stubphoto/red-car.png", "priority": 0, "raw": null, "theme": 1, "animation": 7, "owner_layer": 14}}, {"pk": 143, "model": "DataManager.outdata", "fields": {"selection_criteria": "Theme Asset", "parameters": "", "final_data_path": "70s/stubphoto/red-car.png", "priority": 0, "raw": null, "theme": 1, "animation": 8, "owner_layer": 14}}, {"pk": 144, "model": "DataManager.outdata", "fields": {"selection_criteria": "Theme Asset", "parameters": "", "final_data_path": "70s/stubphoto/stormtrooper.png", "priority": 0, "raw": null, "theme": 1, "animation": 87, "owner_layer": 14}}, {"pk": 145, "model": "DataManager.outdata", "fields": {"selection_criteria": "Theme Asset", "parameters": "", "final_data_path": "70s/stubphoto/stormtrooper.png", "priority": 0, "raw": null, "theme": 1, "animation": 82, "owner_layer": 14}}, {"pk": 146, "model": "DataManager.outdata", "fields": {"selection_criteria": "Theme Asset", "parameters": "", "final_data_path": "70s/stubphoto/laser.png", "priority": 0, "raw": null, "theme": 1, "animation": 85, "owner_layer": 14}}, {"pk": 147, "model": "DataManager.outdata", "fields": {"selection_criteria": "Theme Asset", "parameters": "", "final_data_path": "70s/stubphoto/laser.png", "priority": 0, "raw": null, "theme": 1, "animation": 86, "owner_layer": 14}}, {"pk": 148, "model": "DataManager.outdata", "fields": {"selection_criteria": "Theme Asset", "parameters": "", "final_data_path": "http://a308.phobos.apple.com/us/r1000/075/Music/80/00/66/mzm.eqatqcau.aac.p.m4a", "priority": 0, "raw": null, "theme": 1, "animation": 32, "owner_layer": 15}}, {"pk": 149, "model": "DataManager.outdata", "fields": {"selection_criteria": "Theme Asset", "parameters": "", "final_data_path": "http://a308.phobos.apple.com/us/r1000/075/Music/80/00/66/mzm.eqatqcau.aac.p.m4a", "priority": 0, "raw": null, "theme": 1, "animation": 33, "owner_layer": 15}}, {"pk": 150, "model": "DataManager.outdata", "fields": {"selection_criteria": null, "parameters": null, "final_data_path": null, "priority": 0, "raw": null, "theme": 1, "animation": 34, "owner_layer": 15}}, {"pk": 151, "model": "DataManager.outdata", "fields": {"selection_criteria": "Theme Asset", "parameters": "", "final_data_path": "http://a308.phobos.apple.com/us/r1000/075/Music/80/00/66/mzm.eqatqcau.aac.p.m4a", "priority": 0, "raw": null, "theme": 1, "animation": 35, "owner_layer": 15}}, {"pk": 152, "model": "DataManager.outdata", "fields": {"selection_criteria": "Theme Asset", "parameters": "", "final_data_path": "http://a308.phobos.apple.com/us/r1000/075/Music/80/00/66/mzm.eqatqcau.aac.p.m4a", "priority": 0, "raw": null, "theme": 1, "animation": 36, "owner_layer": 15}}, {"pk": 153, "model": "DataManager.outdata", "fields": {"selection_criteria": "Theme Asset", "parameters": "", "final_data_path": "70s/background/rainbow-car.jpg", "priority": 0, "raw": null, "theme": 1, "animation": 10, "owner_layer": 16}}, {"pk": 154, "model": "DataManager.outdata", "fields": {"selection_criteria": "Theme Asset", "parameters": "", "final_data_path": "70s/background/rainbow-car.jpg", "priority": 0, "raw": null, "theme": 1, "animation": 11, "owner_layer": 16}}, {"pk": 155, "model": "DataManager.outdata", "fields": {"selection_criteria": "Theme Asset", "parameters": "", "final_data_path": "70s/background/rainbow-car.jpg", "priority": 0, "raw": null, "theme": 1, "animation": 12, "owner_layer": 16}}, {"pk": 156, "model": "DataManager.outdata", "fields": {"selection_criteria": "Random", "parameters": null, "final_data_path": "operational_files/userdata/enhanced/ertan_Facebook_10151212279758404_6_enh1.jpg", "priority": 63, "raw": 3, "theme": 1, "animation": 13, "owner_layer": 17}}, {"pk": 157, "model": "DataManager.outdata", "fields": {"selection_criteria": "Random", "parameters": null, "final_data_path": "operational_files/userdata/enhanced/ertan_Facebook_10151212279758404_6_enh1.jpg", "priority": 63, "raw": 3, "theme": 1, "animation": 14, "owner_layer": 17}}, {"pk": 158, "model": "DataManager.outdata", "fields": {"selection_criteria": null, "parameters": null, "final_data_path": null, "priority": 0, "raw": null, "theme": 1, "animation": 40, "owner_layer": 17}}, {"pk": 159, "model": "DataManager.outdata", "fields": {"selection_criteria": "Random", "parameters": null, "final_data_path": "operational_files/userdata/enhanced/ertan_Facebook_10151345047884729_6_enh1.jpg", "priority": 55, "raw": 2, "theme": 1, "animation": 15, "owner_layer": 17}}, {"pk": 160, "model": "DataManager.outdata", "fields": {"selection_criteria": "Random", "parameters": null, "final_data_path": "operational_files/userdata/enhanced/ertan_Facebook_10151345047884729_6_enh1.jpg", "priority": 55, "raw": 2, "theme": 1, "animation": 16, "owner_layer": 17}}, {"pk": 161, "model": "DataManager.outdata", "fields": {"selection_criteria": null, "parameters": null, "final_data_path": null, "priority": 0, "raw": null, "theme": 1, "animation": 41, "owner_layer": 17}}, {"pk": 162, "model": "DataManager.outdata", "fields": {"selection_criteria": "Random", "parameters": null, "final_data_path": "operational_files/userdata/enhanced/ertan_Facebook_10151345122424729_6_enh1.jpg", "priority": 28, "raw": 1, "theme": 1, "animation": 17, "owner_layer": 17}}, {"pk": 163, "model": "DataManager.outdata", "fields": {"selection_criteria": "Random", "parameters": null, "final_data_path": "operational_files/userdata/enhanced/ertan_Facebook_10151345122424729_6_enh1.jpg", "priority": 28, "raw": 1, "theme": 1, "animation": 18, "owner_layer": 17}}, {"pk": 164, "model": "DataManager.outdata", "fields": {"selection_criteria": null, "parameters": null, "final_data_path": null, "priority": 0, "raw": null, "theme": 1, "animation": 42, "owner_layer": 17}}, {"pk": 165, "model": "DataManager.outdata", "fields": {"selection_criteria": "Theme Asset", "parameters": "", "final_data_path": "70s/stubphoto/red-car.png", "priority": 0, "raw": null, "theme": 1, "animation": 7, "owner_layer": 17}}, {"pk": 166, "model": "DataManager.outdata", "fields": {"selection_criteria": "Theme Asset", "parameters": "", "final_data_path": "70s/stubphoto/red-car.png", "priority": 0, "raw": null, "theme": 1, "animation": 8, "owner_layer": 17}}, {"pk": 167, "model": "DataManager.outdata", "fields": {"selection_criteria": "Theme Asset", "parameters": "", "final_data_path": "70s/stubphoto/stormtrooper.png", "priority": 0, "raw": null, "theme": 1, "animation": 87, "owner_layer": 17}}, {"pk": 168, "model": "DataManager.outdata", "fields": {"selection_criteria": "Theme Asset", "parameters": "", "final_data_path": "70s/stubphoto/stormtrooper.png", "priority": 0, "raw": null, "theme": 1, "animation": 82, "owner_layer": 17}}, {"pk": 169, "model": "DataManager.outdata", "fields": {"selection_criteria": "Theme Asset", "parameters": "", "final_data_path": "70s/stubphoto/laser.png", "priority": 0, "raw": null, "theme": 1, "animation": 85, "owner_layer": 17}}, {"pk": 170, "model": "DataManager.outdata", "fields": {"selection_criteria": "Theme Asset", "parameters": "", "final_data_path": "70s/stubphoto/laser.png", "priority": 0, "raw": null, "theme": 1, "animation": 86, "owner_layer": 17}}, {"pk": 171, "model": "DataManager.outdata", "fields": {"selection_criteria": "Theme Asset", "parameters": "", "final_data_path": "70s/stubphoto/duran.png", "priority": 0, "raw": null, "theme": 1, "animation": 1, "owner_layer": 17}}, {"pk": 172, "model": "DataManager.outdata", "fields": {"selection_criteria": "Theme Asset", "parameters": "", "final_data_path": "70s/stubphoto/duran.png", "priority": 0, "raw": null, "theme": 1, "animation": 2, "owner_layer": 17}}, {"pk": 173, "model": "DataManager.outdata", "fields": {"selection_criteria": "Theme Asset", "parameters": "", "final_data_path": "70s/stubphoto/sabri.png", "priority": 0, "raw": null, "theme": 1, "animation": 3, "owner_layer": 17}}, {"pk": 174, "model": "DataManager.outdata", "fields": {"selection_criteria": "Theme Asset", "parameters": "", "final_data_path": "70s/stubphoto/sabri.png", "priority": 0, "raw": null, "theme": 1, "animation": 4, "owner_layer": 17}}, {"pk": 175, "model": "DataManager.outdata", "fields": {"selection_criteria": "Theme Asset", "parameters": "", "final_data_path": "70s/stubphoto/sabri.png", "priority": 0, "raw": null, "theme": 1, "animation": 5, "owner_layer": 17}}, {"pk": 176, "model": "DataManager.outdata", "fields": {"selection_criteria": null, "parameters": null, "final_data_path": null, "priority": 0, "raw": null, "theme": 1, "animation": 6, "owner_layer": 17}}, {"pk": 177, "model": "DataManager.outdata", "fields": {"selection_criteria": "Theme Asset", "parameters": "", "final_data_path": "http://a308.phobos.apple.com/us/r1000/075/Music/80/00/66/mzm.eqatqcau.aac.p.m4a", "priority": 0, "raw": null, "theme": 1, "animation": 32, "owner_layer": 18}}, {"pk": 178, "model": "DataManager.outdata", "fields": {"selection_criteria": "Theme Asset", "parameters": "", "final_data_path": "http://a308.phobos.apple.com/us/r1000/075/Music/80/00/66/mzm.eqatqcau.aac.p.m4a", "priority": 0, "raw": null, "theme": 1, "animation": 33, "owner_layer": 18}}, {"pk": 179, "model": "DataManager.outdata", "fields": {"selection_criteria": null, "parameters": null, "final_data_path": null, "priority": 0, "raw": null, "theme": 1, "animation": 34, "owner_layer": 18}}, {"pk": 180, "model": "DataManager.outdata", "fields": {"selection_criteria": "Theme Asset", "parameters": "", "final_data_path": "http://a308.phobos.apple.com/us/r1000/075/Music/80/00/66/mzm.eqatqcau.aac.p.m4a", "priority": 0, "raw": null, "theme": 1, "animation": 35, "owner_layer": 18}}, {"pk": 181, "model": "DataManager.outdata", "fields": {"selection_criteria": "Theme Asset", "parameters": "", "final_data_path": "http://a308.phobos.apple.com/us/r1000/075/Music/80/00/66/mzm.eqatqcau.aac.p.m4a", "priority": 0, "raw": null, "theme": 1, "animation": 36, "owner_layer": 18}}, {"pk": 182, "model": "DataManager.outdata", "fields": {"selection_criteria": "Theme Asset", "parameters": "", "final_data_path": "70s/background/record.jpg", "priority": 0, "raw": null, "theme": 1, "animation": 10, "owner_layer": 19}}, {"pk": 183, "model": "DataManager.outdata", "fields": {"selection_criteria": "Theme Asset", "parameters": "", "final_data_path": "70s/background/record.jpg", "priority": 0, "raw": null, "theme": 1, "animation": 11, "owner_layer": 19}}, {"pk": 184, "model": "DataManager.outdata", "fields": {"selection_criteria": "Theme Asset", "parameters": "", "final_data_path": "70s/background/record.jpg", "priority": 0, "raw": null, "theme": 1, "animation": 12, "owner_layer": 19}}, {"pk": 185, "model": "DataManager.outdata", "fields": {"selection_criteria": "Random", "parameters": null, "final_data_path": "operational_files/userdata/enhanced/ertan_Facebook_10151212279758404_7_enh1.jpg", "priority": 81, "raw": 3, "theme": 1, "animation": 25, "owner_layer": 20}}, {"pk": 186, "model": "DataManager.outdata", "fields": {"selection_criteria": "Random", "parameters": null, "final_data_path": "operational_files/userdata/enhanced/ertan_Facebook_10151212279758404_7_enh1.jpg", "priority": 81, "raw": 3, "theme": 1, "animation": 26, "owner_layer": 20}}, {"pk": 187, "model": "DataManager.outdata", "fields": {"selection_criteria": null, "parameters": null, "final_data_path": null, "priority": 0, "raw": null, "theme": 1, "animation": 27, "owner_layer": 20}}, {"pk": 188, "model": "DataManager.outdata", "fields": {"selection_criteria": "Random", "parameters": null, "final_data_path": "operational_files/userdata/enhanced/ertan_Facebook_10151212279758404_7_enh1.jpg", "priority": 81, "raw": 3, "theme": 1, "animation": 28, "owner_layer": 20}}, {"pk": 189, "model": "DataManager.outdata", "fields": {"selection_criteria": "Random", "parameters": null, "final_data_path": "operational_files/userdata/enhanced/ertan_Facebook_10151345047884729_7_enh1.jpg", "priority": 73, "raw": 2, "theme": 1, "animation": 29, "owner_layer": 20}}, {"pk": 190, "model": "DataManager.outdata", "fields": {"selection_criteria": "Random", "parameters": null, "final_data_path": "operational_files/userdata/enhanced/ertan_Facebook_10151345047884729_7_enh1.jpg", "priority": 73, "raw": 2, "theme": 1, "animation": 30, "owner_layer": 20}}, {"pk": 191, "model": "DataManager.outdata", "fields": {"selection_criteria": null, "parameters": null, "final_data_path": null, "priority": 0, "raw": null, "theme": 1, "animation": 31, "owner_layer": 20}}, {"pk": 192, "model": "DataManager.outdata", "fields": {"selection_criteria": "Random", "parameters": null, "final_data_path": "operational_files/userdata/enhanced/ertan_Facebook_10151345047884729_7_enh1.jpg", "priority": 73, "raw": 2, "theme": 1, "animation": 43, "owner_layer": 20}}, {"pk": 193, "model": "DataManager.outdata", "fields": {"selection_criteria": "Random", "parameters": null, "final_data_path": "operational_files/userdata/enhanced/ertan_Facebook_10151345122424729_7_enh1.jpg", "priority": 25, "raw": 1, "theme": 1, "animation": 44, "owner_layer": 20}}, {"pk": 194, "model": "DataManager.outdata", "fields": {"selection_criteria": "Random", "parameters": null, "final_data_path": "operational_files/userdata/enhanced/ertan_Facebook_10151345122424729_7_enh1.jpg", "priority": 25, "raw": 1, "theme": 1, "animation": 45, "owner_layer": 20}}, {"pk": 195, "model": "DataManager.outdata", "fields": {"selection_criteria": null, "parameters": null, "final_data_path": null, "priority": 0, "raw": null, "theme": 1, "animation": 46, "owner_layer": 20}}, {"pk": 196, "model": "DataManager.outdata", "fields": {"selection_criteria": "Random", "parameters": null, "final_data_path": "operational_files/userdata/enhanced/ertan_Facebook_10151345122424729_7_enh1.jpg", "priority": 25, "raw": 1, "theme": 1, "animation": 47, "owner_layer": 20}}, {"pk": 197, "model": "DataManager.outdata", "fields": {"selection_criteria": "Theme Asset", "parameters": "", "final_data_path": "70s/stubphoto/stormtrooper.png", "priority": 0, "raw": null, "theme": 1, "animation": 87, "owner_layer": 20}}, {"pk": 198, "model": "DataManager.outdata", "fields": {"selection_criteria": "Theme Asset", "parameters": "", "final_data_path": "70s/stubphoto/stormtrooper.png", "priority": 0, "raw": null, "theme": 1, "animation": 82, "owner_layer": 20}}, {"pk": 199, "model": "DataManager.outdata", "fields": {"selection_criteria": "Theme Asset", "parameters": "", "final_data_path": "70s/stubphoto/laser.png", "priority": 0, "raw": null, "theme": 1, "animation": 85, "owner_layer": 20}}, {"pk": 200, "model": "DataManager.outdata", "fields": {"selection_criteria": "Theme Asset", "parameters": "", "final_data_path": "70s/stubphoto/laser.png", "priority": 0, "raw": null, "theme": 1, "animation": 86, "owner_layer": 20}}, {"pk": 201, "model": "DataManager.outdata", "fields": {"selection_criteria": "Theme Asset", "parameters": "", "final_data_path": "70s/stubphoto/laser2.png", "priority": 0, "raw": null, "theme": 1, "animation": 89, "owner_layer": 20}}, {"pk": 202, "model": "DataManager.outdata", "fields": {"selection_criteria": "Theme Asset", "parameters": "", "final_data_path": "70s/stubphoto/laser2.png", "priority": 0, "raw": null, "theme": 1, "animation": 90, "owner_layer": 20}}, {"pk": 203, "model": "DataManager.outdata", "fields": {"selection_criteria": "Theme Asset", "parameters": "", "final_data_path": "70s/stubphoto/red-car.png", "priority": 0, "raw": null, "theme": 1, "animation": 7, "owner_layer": 20}}, {"pk": 204, "model": "DataManager.outdata", "fields": {"selection_criteria": "Theme Asset", "parameters": "", "final_data_path": "70s/stubphoto/red-car.png", "priority": 0, "raw": null, "theme": 1, "animation": 8, "owner_layer": 20}}, {"pk": 205, "model": "DataManager.outdata", "fields": {"selection_criteria": "Theme Asset", "parameters": "", "final_data_path": "70s/stubphoto/duran.png", "priority": 0, "raw": null, "theme": 1, "animation": 1, "owner_layer": 20}}, {"pk": 206, "model": "DataManager.outdata", "fields": {"selection_criteria": "Theme Asset", "parameters": "", "final_data_path": "70s/stubphoto/duran.png", "priority": 0, "raw": null, "theme": 1, "animation": 2, "owner_layer": 20}}, {"pk": 207, "model": "DataManager.outdata", "fields": {"selection_criteria": "Theme Asset", "parameters": "", "final_data_path": "70s/stubphoto/sabri.png", "priority": 0, "raw": null, "theme": 1, "animation": 3, "owner_layer": 20}}, {"pk": 208, "model": "DataManager.outdata", "fields": {"selection_criteria": "Theme Asset", "parameters": "", "final_data_path": "70s/stubphoto/sabri.png", "priority": 0, "raw": null, "theme": 1, "animation": 4, "owner_layer": 20}}, {"pk": 209, "model": "DataManager.outdata", "fields": {"selection_criteria": "Theme Asset", "parameters": "", "final_data_path": "70s/stubphoto/sabri.png", "priority": 0, "raw": null, "theme": 1, "animation": 5, "owner_layer": 20}}, {"pk": 210, "model": "DataManager.outdata", "fields": {"selection_criteria": null, "parameters": null, "final_data_path": null, "priority": 0, "raw": null, "theme": 1, "animation": 6, "owner_layer": 20}}, {"pk": 211, "model": "DataManager.outdata", "fields": {"selection_criteria": "Theme Asset", "parameters": "", "final_data_path": "http://a308.phobos.apple.com/us/r1000/075/Music/80/00/66/mzm.eqatqcau.aac.p.m4a", "priority": 0, "raw": null, "theme": 1, "animation": 32, "owner_layer": 21}}, {"pk": 212, "model": "DataManager.outdata", "fields": {"selection_criteria": "Theme Asset", "parameters": "", "final_data_path": "http://a308.phobos.apple.com/us/r1000/075/Music/80/00/66/mzm.eqatqcau.aac.p.m4a", "priority": 0, "raw": null, "theme": 1, "animation": 33, "owner_layer": 21}}, {"pk": 213, "model": "DataManager.outdata", "fields": {"selection_criteria": null, "parameters": null, "final_data_path": null, "priority": 0, "raw": null, "theme": 1, "animation": 34, "owner_layer": 21}}, {"pk": 214, "model": "DataManager.outdata", "fields": {"selection_criteria": "Theme Asset", "parameters": "", "final_data_path": "http://a308.phobos.apple.com/us/r1000/075/Music/80/00/66/mzm.eqatqcau.aac.p.m4a", "priority": 0, "raw": null, "theme": 1, "animation": 35, "owner_layer": 21}}, {"pk": 215, "model": "DataManager.outdata", "fields": {"selection_criteria": "Theme Asset", "parameters": "", "final_data_path": "http://a308.phobos.apple.com/us/r1000/075/Music/80/00/66/mzm.eqatqcau.aac.p.m4a", "priority": 0, "raw": null, "theme": 1, "animation": 36, "owner_layer": 21}}, {"pk": 216, "model": "DataManager.outdata", "fields": {"selection_criteria": "Theme Asset", "parameters": "", "final_data_path": "70s/background/cloud-rainbow.jpg", "priority": 0, "raw": null, "theme": 1, "animation": 10, "owner_layer": 22}}, {"pk": 217, "model": "DataManager.outdata", "fields": {"selection_criteria": "Theme Asset", "parameters": "", "final_data_path": "70s/background/cloud-rainbow.jpg", "priority": 0, "raw": null, "theme": 1, "animation": 11, "owner_layer": 22}}, {"pk": 218, "model": "DataManager.outdata", "fields": {"selection_criteria": "Theme Asset", "parameters": "", "final_data_path": "70s/background/cloud-rainbow.jpg", "priority": 0, "raw": null, "theme": 1, "animation": 12, "owner_layer": 22}}, {"pk": 219, "model": "DataManager.outdata", "fields": {"selection_criteria": "Theme Asset", "parameters": "", "final_data_path": "70s/stubphoto/stormtrooper.png", "priority": 0, "raw": null, "theme": 1, "animation": 87, "owner_layer": 23}}, {"pk": 220, "model": "DataManager.outdata", "fields": {"selection_criteria": "Theme Asset", "parameters": "", "final_data_path": "70s/stubphoto/stormtrooper.png", "priority": 0, "raw": null, "theme": 1, "animation": 82, "owner_layer": 23}}, {"pk": 221, "model": "DataManager.outdata", "fields": {"selection_criteria": "Theme Asset", "parameters": "", "final_data_path": "70s/stubphoto/laser.png", "priority": 0, "raw": null, "theme": 1, "animation": 85, "owner_layer": 23}}, {"pk": 222, "model": "DataManager.outdata", "fields": {"selection_criteria": "Theme Asset", "parameters": "", "final_data_path": "70s/stubphoto/laser.png", "priority": 0, "raw": null, "theme": 1, "animation": 86, "owner_layer": 23}}, {"pk": 223, "model": "DataManager.outdata", "fields": {"selection_criteria": "Theme Asset", "parameters": "", "final_data_path": "70s/stubphoto/laser2.png", "priority": 0, "raw": null, "theme": 1, "animation": 89, "owner_layer": 23}}, {"pk": 224, "model": "DataManager.outdata", "fields": {"selection_criteria": "Theme Asset", "parameters": "", "final_data_path": "70s/stubphoto/laser2.png", "priority": 0, "raw": null, "theme": 1, "animation": 90, "owner_layer": 23}}, {"pk": 225, "model": "DataManager.outdata", "fields": {"selection_criteria": "Theme Asset", "parameters": "", "final_data_path": "70s/stubphoto/r2d2.png", "priority": 0, "raw": null, "theme": 1, "animation": 91, "owner_layer": 23}}, {"pk": 226, "model": "DataManager.outdata", "fields": {"selection_criteria": "Theme Asset", "parameters": "", "final_data_path": "70s/stubphoto/r2d2.png", "priority": 0, "raw": null, "theme": 1, "animation": 92, "owner_layer": 23}}, {"pk": 227, "model": "DataManager.outdata", "fields": {"selection_criteria": "Theme Asset", "parameters": "", "final_data_path": "70s/stubphoto/duran.png", "priority": 0, "raw": null, "theme": 1, "animation": 1, "owner_layer": 23}}, {"pk": 228, "model": "DataManager.outdata", "fields": {"selection_criteria": "Theme Asset", "parameters": "", "final_data_path": "70s/stubphoto/duran.png", "priority": 0, "raw": null, "theme": 1, "animation": 2, "owner_layer": 23}}, {"pk": 229, "model": "DataManager.outdata", "fields": {"selection_criteria": "Theme Asset", "parameters": "", "final_data_path": "70s/stubphoto/sabri.png", "priority": 0, "raw": null, "theme": 1, "animation": 3, "owner_layer": 23}}, {"pk": 230, "model": "DataManager.outdata", "fields": {"selection_criteria": "Theme Asset", "parameters": "", "final_data_path": "70s/stubphoto/sabri.png", "priority": 0, "raw": null, "theme": 1, "animation": 4, "owner_layer": 23}}, {"pk": 231, "model": "DataManager.outdata", "fields": {"selection_criteria": "Theme Asset", "parameters": "", "final_data_path": "70s/stubphoto/sabri.png", "priority": 0, "raw": null, "theme": 1, "animation": 5, "owner_layer": 23}}, {"pk": 232, "model": "DataManager.outdata", "fields": {"selection_criteria": null, "parameters": null, "final_data_path": null, "priority": 0, "raw": null, "theme": 1, "animation": 6, "owner_layer": 23}}, {"pk": 233, "model": "DataManager.outdata", "fields": {"selection_criteria": "Random", "parameters": null, "final_data_path": "operational_files/userdata/enhanced/ertan_Facebook_10151212279758404_8_enh1.jpg", "priority": 92, "raw": 3, "theme": 1, "animation": 48, "owner_layer": 23}}, {"pk": 234, "model": "DataManager.outdata", "fields": {"selection_criteria": "Random", "parameters": null, "final_data_path": "operational_files/userdata/enhanced/ertan_Facebook_10151212279758404_8_enh1.jpg", "priority": 92, "raw": 3, "theme": 1, "animation": 49, "owner_layer": 23}}, {"pk": 235, "model": "DataManager.outdata", "fields": {"selection_criteria": "Random", "parameters": null, "final_data_path": "operational_files/userdata/enhanced/ertan_Facebook_10151212279758404_8_enh1.jpg", "priority": 92, "raw": 3, "theme": 1, "animation": 50, "owner_layer": 23}}, {"pk": 236, "model": "DataManager.outdata", "fields": {"selection_criteria": "Random", "parameters": null, "final_data_path": "operational_files/userdata/enhanced/ertan_Facebook_10151212279758404_8_enh1.jpg", "priority": 92, "raw": 3, "theme": 1, "animation": 51, "owner_layer": 23}}, {"pk": 237, "model": "DataManager.outdata", "fields": {"selection_criteria": "Random", "parameters": null, "final_data_path": "operational_files/userdata/enhanced/ertan_Facebook_10151212279758404_8_enh1.jpg", "priority": 92, "raw": 3, "theme": 1, "animation": 52, "owner_layer": 23}}, {"pk": 238, "model": "DataManager.outdata", "fields": {"selection_criteria": "Random", "parameters": null, "final_data_path": "operational_files/userdata/enhanced/ertan_Facebook_10151212279758404_8_enh1.jpg", "priority": 92, "raw": 3, "theme": 1, "animation": 53, "owner_layer": 23}}, {"pk": 239, "model": "DataManager.outdata", "fields": {"selection_criteria": "Random", "parameters": null, "final_data_path": "operational_files/userdata/enhanced/ertan_Facebook_10151345047884729_8_enh0.jpg", "priority": 69, "raw": 2, "theme": 1, "animation": 54, "owner_layer": 23}}, {"pk": 240, "model": "DataManager.outdata", "fields": {"selection_criteria": "Random", "parameters": null, "final_data_path": "operational_files/userdata/enhanced/ertan_Facebook_10151345047884729_8_enh0.jpg", "priority": 69, "raw": 2, "theme": 1, "animation": 55, "owner_layer": 23}}, {"pk": 241, "model": "DataManager.outdata", "fields": {"selection_criteria": "Random", "parameters": null, "final_data_path": "operational_files/userdata/enhanced/ertan_Facebook_10151345047884729_8_enh0.jpg", "priority": 69, "raw": 2, "theme": 1, "animation": 56, "owner_layer": 23}}, {"pk": 242, "model": "DataManager.outdata", "fields": {"selection_criteria": null, "parameters": null, "final_data_path": null, "priority": 0, "raw": null, "theme": 1, "animation": 57, "owner_layer": 23}}, {"pk": 243, "model": "DataManager.outdata", "fields": {"selection_criteria": "Random", "parameters": null, "final_data_path": "operational_files/userdata/enhanced/ertan_Facebook_10151345047884729_8_enh0.jpg", "priority": 69, "raw": 2, "theme": 1, "animation": 58, "owner_layer": 23}}, {"pk": 244, "model": "DataManager.outdata", "fields": {"selection_criteria": "Random", "parameters": null, "final_data_path": "operational_files/userdata/enhanced/ertan_Facebook_10151345122424729_8_enh1.jpg", "priority": 11, "raw": 1, "theme": 1, "animation": 59, "owner_layer": 23}}, {"pk": 245, "model": "DataManager.outdata", "fields": {"selection_criteria": "Random", "parameters": null, "final_data_path": "operational_files/userdata/enhanced/ertan_Facebook_10151345122424729_8_enh1.jpg", "priority": 11, "raw": 1, "theme": 1, "animation": 60, "owner_layer": 23}}, {"pk": 246, "model": "DataManager.outdata", "fields": {"selection_criteria": null, "parameters": null, "final_data_path": null, "priority": 0, "raw": null, "theme": 1, "animation": 61, "owner_layer": 23}}, {"pk": 247, "model": "DataManager.outdata", "fields": {"selection_criteria": "Random", "parameters": null, "final_data_path": "operational_files/userdata/enhanced/ertan_Facebook_10151345122424729_8_enh1.jpg", "priority": 11, "raw": 1, "theme": 1, "animation": 62, "owner_layer": 23}}, {"pk": 248, "model": "DataManager.outdata", "fields": {"selection_criteria": "Random", "parameters": null, "final_data_path": "operational_files/userdata/enhanced/ertan_Facebook_10151345122424729_8_enh1.jpg", "priority": 11, "raw": 1, "theme": 1, "animation": 63, "owner_layer": 23}}, {"pk": 249, "model": "DataManager.outdata", "fields": {"selection_criteria": null, "parameters": null, "final_data_path": null, "priority": 0, "raw": null, "theme": 1, "animation": 64, "owner_layer": 23}}, {"pk": 250, "model": "DataManager.outdata", "fields": {"selection_criteria": "Theme Asset", "parameters": "", "final_data_path": "70s/stubphoto/red-car.png", "priority": 0, "raw": null, "theme": 1, "animation": 7, "owner_layer": 23}}, {"pk": 251, "model": "DataManager.outdata", "fields": {"selection_criteria": "Theme Asset", "parameters": "", "final_data_path": "70s/stubphoto/red-car.png", "priority": 0, "raw": null, "theme": 1, "animation": 8, "owner_layer": 23}}, {"pk": 252, "model": "DataManager.outdata", "fields": {"selection_criteria": "Theme Asset", "parameters": "", "final_data_path": "http://a308.phobos.apple.com/us/r1000/075/Music/80/00/66/mzm.eqatqcau.aac.p.m4a", "priority": 0, "raw": null, "theme": 1, "animation": 32, "owner_layer": 24}}, {"pk": 253, "model": "DataManager.outdata", "fields": {"selection_criteria": "Theme Asset", "parameters": "", "final_data_path": "http://a308.phobos.apple.com/us/r1000/075/Music/80/00/66/mzm.eqatqcau.aac.p.m4a", "priority": 0, "raw": null, "theme": 1, "animation": 33, "owner_layer": 24}}, {"pk": 254, "model": "DataManager.outdata", "fields": {"selection_criteria": null, "parameters": null, "final_data_path": null, "priority": 0, "raw": null, "theme": 1, "animation": 34, "owner_layer": 24}}, {"pk": 255, "model": "DataManager.outdata", "fields": {"selection_criteria": "Theme Asset", "parameters": "", "final_data_path": "http://a308.phobos.apple.com/us/r1000/075/Music/80/00/66/mzm.eqatqcau.aac.p.m4a", "priority": 0, "raw": null, "theme": 1, "animation": 35, "owner_layer": 24}}, {"pk": 256, "model": "DataManager.outdata", "fields": {"selection_criteria": "Theme Asset", "parameters": "", "final_data_path": "http://a308.phobos.apple.com/us/r1000/075/Music/80/00/66/mzm.eqatqcau.aac.p.m4a", "priority": 0, "raw": null, "theme": 1, "animation": 36, "owner_layer": 24}}, {"pk": 257, "model": "DataManager.outdata", "fields": {"selection_criteria": "Theme Asset", "parameters": "", "final_data_path": "70s/background/cloud-rainbow.jpg", "priority": 0, "raw": null, "theme": 1, "animation": 10, "owner_layer": 25}}, {"pk": 258, "model": "DataManager.outdata", "fields": {"selection_criteria": "Theme Asset", "parameters": "", "final_data_path": "70s/background/cloud-rainbow.jpg", "priority": 0, "raw": null, "theme": 1, "animation": 11, "owner_layer": 25}}, {"pk": 259, "model": "DataManager.outdata", "fields": {"selection_criteria": "Theme Asset", "parameters": "", "final_data_path": "70s/background/cloud-rainbow.jpg", "priority": 0, "raw": null, "theme": 1, "animation": 12, "owner_layer": 25}}, {"pk": 260, "model": "DataManager.outdata", "fields": {"selection_criteria": "Random", "parameters": null, "final_data_path": "operational_files/userdata/enhanced/ertan_Facebook_10151212279758404_9_enh1.jpg", "priority": 70, "raw": 3, "theme": 1, "animation": 25, "owner_layer": 26}}, {"pk": 261, "model": "DataManager.outdata", "fields": {"selection_criteria": "Random", "parameters": null, "final_data_path": "operational_files/userdata/enhanced/ertan_Facebook_10151212279758404_9_enh1.jpg", "priority": 70, "raw": 3, "theme": 1, "animation": 26, "owner_layer": 26}}, {"pk": 262, "model": "DataManager.outdata", "fields": {"selection_criteria": null, "parameters": null, "final_data_path": null, "priority": 0, "raw": null, "theme": 1, "animation": 27, "owner_layer": 26}}, {"pk": 263, "model": "DataManager.outdata", "fields": {"selection_criteria": "Random", "parameters": null, "final_data_path": "operational_files/userdata/enhanced/ertan_Facebook_10151212279758404_9_enh1.jpg", "priority": 70, "raw": 3, "theme": 1, "animation": 28, "owner_layer": 26}}, {"pk": 264, "model": "DataManager.outdata", "fields": {"selection_criteria": "Random", "parameters": null, "final_data_path": "operational_files/userdata/enhanced/ertan_Facebook_10151345047884729_9_enh1.jpg", "priority": 61, "raw": 2, "theme": 1, "animation": 29, "owner_layer": 26}}, {"pk": 265, "model": "DataManager.outdata", "fields": {"selection_criteria": "Random", "parameters": null, "final_data_path": "operational_files/userdata/enhanced/ertan_Facebook_10151345047884729_9_enh1.jpg", "priority": 61, "raw": 2, "theme": 1, "animation": 30, "owner_layer": 26}}, {"pk": 266, "model": "DataManager.outdata", "fields": {"selection_criteria": null, "parameters": null, "final_data_path": null, "priority": 0, "raw": null, "theme": 1, "animation": 31, "owner_layer": 26}}, {"pk": 267, "model": "DataManager.outdata", "fields": {"selection_criteria": "Random", "parameters": null, "final_data_path": "operational_files/userdata/enhanced/ertan_Facebook_10151345047884729_9_enh1.jpg", "priority": 61, "raw": 2, "theme": 1, "animation": 43, "owner_layer": 26}}, {"pk": 268, "model": "DataManager.outdata", "fields": {"selection_criteria": "Random", "parameters": null, "final_data_path": "operational_files/userdata/enhanced/ertan_Facebook_10151345122424729_9_enh1.jpg", "priority": 15, "raw": 1, "theme": 1, "animation": 44, "owner_layer": 26}}, {"pk": 269, "model": "DataManager.outdata", "fields": {"selection_criteria": "Random", "parameters": null, "final_data_path": "operational_files/userdata/enhanced/ertan_Facebook_10151345122424729_9_enh1.jpg", "priority": 15, "raw": 1, "theme": 1, "animation": 45, "owner_layer": 26}}, {"pk": 270, "model": "DataManager.outdata", "fields": {"selection_criteria": null, "parameters": null, "final_data_path": null, "priority": 0, "raw": null, "theme": 1, "animation": 46, "owner_layer": 26}}, {"pk": 271, "model": "DataManager.outdata", "fields": {"selection_criteria": "Random", "parameters": null, "final_data_path": "operational_files/userdata/enhanced/ertan_Facebook_10151345122424729_9_enh1.jpg", "priority": 15, "raw": 1, "theme": 1, "animation": 47, "owner_layer": 26}}, {"pk": 272, "model": "DataManager.outdata", "fields": {"selection_criteria": "Theme Asset", "parameters": "", "final_data_path": "70s/stubphoto/r2d2.png", "priority": 0, "raw": null, "theme": 1, "animation": 91, "owner_layer": 26}}, {"pk": 273, "model": "DataManager.outdata", "fields": {"selection_criteria": "Theme Asset", "parameters": "", "final_data_path": "70s/stubphoto/r2d2.png", "priority": 0, "raw": null, "theme": 1, "animation": 92, "owner_layer": 26}}, {"pk": 274, "model": "DataManager.outdata", "fields": {"selection_criteria": "Theme Asset", "parameters": "", "final_data_path": "70s/stubphoto/duran.png", "priority": 0, "raw": null, "theme": 1, "animation": 1, "owner_layer": 26}}, {"pk": 275, "model": "DataManager.outdata", "fields": {"selection_criteria": "Theme Asset", "parameters": "", "final_data_path": "70s/stubphoto/duran.png", "priority": 0, "raw": null, "theme": 1, "animation": 2, "owner_layer": 26}}, {"pk": 276, "model": "DataManager.outdata", "fields": {"selection_criteria": "Theme Asset", "parameters": "", "final_data_path": "70s/stubphoto/sabri.png", "priority": 0, "raw": null, "theme": 1, "animation": 3, "owner_layer": 26}}, {"pk": 277, "model": "DataManager.outdata", "fields": {"selection_criteria": "Theme Asset", "parameters": "", "final_data_path": "70s/stubphoto/sabri.png", "priority": 0, "raw": null, "theme": 1, "animation": 4, "owner_layer": 26}}, {"pk": 278, "model": "DataManager.outdata", "fields": {"selection_criteria": "Theme Asset", "parameters": "", "final_data_path": "70s/stubphoto/sabri.png", "priority": 0, "raw": null, "theme": 1, "animation": 5, "owner_layer": 26}}, {"pk": 279, "model": "DataManager.outdata", "fields": {"selection_criteria": null, "parameters": null, "final_data_path": null, "priority": 0, "raw": null, "theme": 1, "animation": 6, "owner_layer": 26}}, {"pk": 280, "model": "DataManager.outdata", "fields": {"selection_criteria": "Theme Asset", "parameters": "", "final_data_path": "70s/stubphoto/duran.png", "priority": 0, "raw": null, "theme": 1, "animation": 93, "owner_layer": 26}}, {"pk": 281, "model": "DataManager.outdata", "fields": {"selection_criteria": "Theme Asset", "parameters": "", "final_data_path": "70s/stubphoto/sabri.png", "priority": 0, "raw": null, "theme": 1, "animation": 94, "owner_layer": 26}}, {"pk": 282, "model": "DataManager.outdata", "fields": {"selection_criteria": "Theme Asset", "parameters": "", "final_data_path": "70s/stubphoto/stormtrooper.png", "priority": 0, "raw": null, "theme": 1, "animation": 87, "owner_layer": 26}}, {"pk": 283, "model": "DataManager.outdata", "fields": {"selection_criteria": "Theme Asset", "parameters": "", "final_data_path": "70s/stubphoto/stormtrooper.png", "priority": 0, "raw": null, "theme": 1, "animation": 82, "owner_layer": 26}}, {"pk": 284, "model": "DataManager.outdata", "fields": {"selection_criteria": "Theme Asset", "parameters": "", "final_data_path": "70s/stubphoto/laser.png", "priority": 0, "raw": null, "theme": 1, "animation": 85, "owner_layer": 26}}, {"pk": 285, "model": "DataManager.outdata", "fields": {"selection_criteria": "Theme Asset", "parameters": "", "final_data_path": "70s/stubphoto/laser.png", "priority": 0, "raw": null, "theme": 1, "animation": 86, "owner_layer": 26}}, {"pk": 286, "model": "DataManager.outdata", "fields": {"selection_criteria": "Theme Asset", "parameters": "", "final_data_path": "70s/stubphoto/laser2.png", "priority": 0, "raw": null, "theme": 1, "animation": 89, "owner_layer": 26}}, {"pk": 287, "model": "DataManager.outdata", "fields": {"selection_criteria": "Theme Asset", "parameters": "", "final_data_path": "70s/stubphoto/laser2.png", "priority": 0, "raw": null, "theme": 1, "animation": 90, "owner_layer": 26}}, {"pk": 288, "model": "DataManager.outdata", "fields": {"selection_criteria": "Theme Asset", "parameters": "", "final_data_path": "70s/stubphoto/red-car.png", "priority": 0, "raw": null, "theme": 1, "animation": 7, "owner_layer": 26}}, {"pk": 289, "model": "DataManager.outdata", "fields": {"selection_criteria": "Theme Asset", "parameters": "", "final_data_path": "70s/stubphoto/red-car.png", "priority": 0, "raw": null, "theme": 1, "animation": 8, "owner_layer": 26}}, {"pk": 290, "model": "DataManager.outdata", "fields": {"selection_criteria": "Theme Asset", "parameters": "", "final_data_path": "http://a308.phobos.apple.com/us/r1000/075/Music/80/00/66/mzm.eqatqcau.aac.p.m4a", "priority": 0, "raw": null, "theme": 1, "animation": 32, "owner_layer": 27}}, {"pk": 291, "model": "DataManager.outdata", "fields": {"selection_criteria": "Theme Asset", "parameters": "", "final_data_path": "http://a308.phobos.apple.com/us/r1000/075/Music/80/00/66/mzm.eqatqcau.aac.p.m4a", "priority": 0, "raw": null, "theme": 1, "animation": 33, "owner_layer": 27}}, {"pk": 292, "model": "DataManager.outdata", "fields": {"selection_criteria": null, "parameters": null, "final_data_path": null, "priority": 0, "raw": null, "theme": 1, "animation": 34, "owner_layer": 27}}, {"pk": 293, "model": "DataManager.outdata", "fields": {"selection_criteria": "Theme Asset", "parameters": "", "final_data_path": "http://a308.phobos.apple.com/us/r1000/075/Music/80/00/66/mzm.eqatqcau.aac.p.m4a", "priority": 0, "raw": null, "theme": 1, "animation": 35, "owner_layer": 27}}, {"pk": 294, "model": "DataManager.outdata", "fields": {"selection_criteria": "Theme Asset", "parameters": "", "final_data_path": "http://a308.phobos.apple.com/us/r1000/075/Music/80/00/66/mzm.eqatqcau.aac.p.m4a", "priority": 0, "raw": null, "theme": 1, "animation": 36, "owner_layer": 27}}, {"pk": 295, "model": "DataManager.outdata", "fields": {"selection_criteria": "Theme Asset", "parameters": "", "final_data_path": "70s/background/cloud-rainbow.jpg", "priority": 0, "raw": null, "theme": 1, "animation": 10, "owner_layer": 28}}, {"pk": 296, "model": "DataManager.outdata", "fields": {"selection_criteria": "Theme Asset", "parameters": "", "final_data_path": "70s/background/cloud-rainbow.jpg", "priority": 0, "raw": null, "theme": 1, "animation": 11, "owner_layer": 28}}, {"pk": 297, "model": "DataManager.outdata", "fields": {"selection_criteria": "Theme Asset", "parameters": "", "final_data_path": "70s/background/cloud-rainbow.jpg", "priority": 0, "raw": null, "theme": 1, "animation": 12, "owner_layer": 28}}, {"pk": 298, "model": "DataManager.outdata", "fields": {"selection_criteria": "Theme Asset", "parameters": "", "final_data_path": "70s/stubphoto/stormtrooper.png", "priority": 0, "raw": null, "theme": 1, "animation": 87, "owner_layer": 29}}, {"pk": 299, "model": "DataManager.outdata", "fields": {"selection_criteria": "Theme Asset", "parameters": "", "final_data_path": "70s/stubphoto/stormtrooper.png", "priority": 0, "raw": null, "theme": 1, "animation": 82, "owner_layer": 29}}, {"pk": 300, "model": "DataManager.outdata", "fields": {"selection_criteria": "Theme Asset", "parameters": "", "final_data_path": "70s/stubphoto/laser.png", "priority": 0, "raw": null, "theme": 1, "animation": 85, "owner_layer": 29}}, {"pk": 301, "model": "DataManager.outdata", "fields": {"selection_criteria": "Theme Asset", "parameters": "", "final_data_path": "70s/stubphoto/laser.png", "priority": 0, "raw": null, "theme": 1, "animation": 86, "owner_layer": 29}}, {"pk": 302, "model": "DataManager.outdata", "fields": {"selection_criteria": "Theme Asset", "parameters": "", "final_data_path": "70s/stubphoto/laser2.png", "priority": 0, "raw": null, "theme": 1, "animation": 89, "owner_layer": 29}}, {"pk": 303, "model": "DataManager.outdata", "fields": {"selection_criteria": "Theme Asset", "parameters": "", "final_data_path": "70s/stubphoto/laser2.png", "priority": 0, "raw": null, "theme": 1, "animation": 90, "owner_layer": 29}}, {"pk": 304, "model": "DataManager.outdata", "fields": {"selection_criteria": "Random", "parameters": null, "final_data_path": "operational_files/userdata/enhanced/ertan_Facebook_10151345047884729_10_enh1.jpg", "priority": 86, "raw": 2, "theme": 1, "animation": 48, "owner_layer": 29}}, {"pk": 305, "model": "DataManager.outdata", "fields": {"selection_criteria": "Random", "parameters": null, "final_data_path": "operational_files/userdata/enhanced/ertan_Facebook_10151345047884729_10_enh1.jpg", "priority": 86, "raw": 2, "theme": 1, "animation": 49, "owner_layer": 29}}, {"pk": 306, "model": "DataManager.outdata", "fields": {"selection_criteria": "Random", "parameters": null, "final_data_path": "operational_files/userdata/enhanced/ertan_Facebook_10151345047884729_10_enh1.jpg", "priority": 86, "raw": 2, "theme": 1, "animation": 50, "owner_layer": 29}}, {"pk": 307, "model": "DataManager.outdata", "fields": {"selection_criteria": "Random", "parameters": null, "final_data_path": "operational_files/userdata/enhanced/ertan_Facebook_10151345047884729_10_enh1.jpg", "priority": 86, "raw": 2, "theme": 1, "animation": 51, "owner_layer": 29}}, {"pk": 308, "model": "DataManager.outdata", "fields": {"selection_criteria": "Random", "parameters": null, "final_data_path": "operational_files/userdata/enhanced/ertan_Facebook_10151345047884729_10_enh1.jpg", "priority": 86, "raw": 2, "theme": 1, "animation": 52, "owner_layer": 29}}, {"pk": 309, "model": "DataManager.outdata", "fields": {"selection_criteria": "Random", "parameters": null, "final_data_path": "operational_files/userdata/enhanced/ertan_Facebook_10151345047884729_10_enh1.jpg", "priority": 86, "raw": 2, "theme": 1, "animation": 53, "owner_layer": 29}}, {"pk": 310, "model": "DataManager.outdata", "fields": {"selection_criteria": "Random", "parameters": null, "final_data_path": "operational_files/userdata/enhanced/ertan_Facebook_10151345122424729_10_enh1.jpg", "priority": 42, "raw": 1, "theme": 1, "animation": 54, "owner_layer": 29}}, {"pk": 311, "model": "DataManager.outdata", "fields": {"selection_criteria": "Random", "parameters": null, "final_data_path": "operational_files/userdata/enhanced/ertan_Facebook_10151345122424729_10_enh1.jpg", "priority": 42, "raw": 1, "theme": 1, "animation": 55, "owner_layer": 29}}, {"pk": 312, "model": "DataManager.outdata", "fields": {"selection_criteria": "Random", "parameters": null, "final_data_path": "operational_files/userdata/enhanced/ertan_Facebook_10151345122424729_10_enh1.jpg", "priority": 42, "raw": 1, "theme": 1, "animation": 56, "owner_layer": 29}}, {"pk": 313, "model": "DataManager.outdata", "fields": {"selection_criteria": null, "parameters": null, "final_data_path": null, "priority": 0, "raw": null, "theme": 1, "animation": 57, "owner_layer": 29}}, {"pk": 314, "model": "DataManager.outdata", "fields": {"selection_criteria": "Random", "parameters": null, "final_data_path": "operational_files/userdata/enhanced/ertan_Facebook_10151345122424729_10_enh1.jpg", "priority": 42, "raw": 1, "theme": 1, "animation": 58, "owner_layer": 29}}, {"pk": 315, "model": "DataManager.outdata", "fields": {"selection_criteria": "Random", "parameters": null, "final_data_path": "operational_files/userdata/enhanced/ertan_Facebook_10151212279758404_10_enh1.jpg", "priority": 27, "raw": 3, "theme": 1, "animation": 59, "owner_layer": 29}}, {"pk": 316, "model": "DataManager.outdata", "fields": {"selection_criteria": "Random", "parameters": null, "final_data_path": "operational_files/userdata/enhanced/ertan_Facebook_10151212279758404_10_enh1.jpg", "priority": 27, "raw": 3, "theme": 1, "animation": 60, "owner_layer": 29}}, {"pk": 317, "model": "DataManager.outdata", "fields": {"selection_criteria": null, "parameters": null, "final_data_path": null, "priority": 0, "raw": null, "theme": 1, "animation": 61, "owner_layer": 29}}, {"pk": 318, "model": "DataManager.outdata", "fields": {"selection_criteria": "Random", "parameters": null, "final_data_path": "operational_files/userdata/enhanced/ertan_Facebook_10151212279758404_10_enh1.jpg", "priority": 27, "raw": 3, "theme": 1, "animation": 62, "owner_layer": 29}}, {"pk": 319, "model": "DataManager.outdata", "fields": {"selection_criteria": "Random", "parameters": null, "final_data_path": "operational_files/userdata/enhanced/ertan_Facebook_10151212279758404_10_enh1.jpg", "priority": 27, "raw": 3, "theme": 1, "animation": 63, "owner_layer": 29}}, {"pk": 320, "model": "DataManager.outdata", "fields": {"selection_criteria": null, "parameters": null, "final_data_path": null, "priority": 0, "raw": null, "theme": 1, "animation": 64, "owner_layer": 29}}, {"pk": 321, "model": "DataManager.outdata", "fields": {"selection_criteria": "Theme Asset", "parameters": "", "final_data_path": "70s/stubphoto/red-car.png", "priority": 0, "raw": null, "theme": 1, "animation": 7, "owner_layer": 29}}, {"pk": 322, "model": "DataManager.outdata", "fields": {"selection_criteria": "Theme Asset", "parameters": "", "final_data_path": "70s/stubphoto/red-car.png", "priority": 0, "raw": null, "theme": 1, "animation": 8, "owner_layer": 29}}, {"pk": 323, "model": "DataManager.outdata", "fields": {"selection_criteria": "Theme Asset", "parameters": "", "final_data_path": "70s/stubphoto/r2d2.png", "priority": 0, "raw": null, "theme": 1, "animation": 91, "owner_layer": 29}}, {"pk": 324, "model": "DataManager.outdata", "fields": {"selection_criteria": "Theme Asset", "parameters": "", "final_data_path": "70s/stubphoto/r2d2.png", "priority": 0, "raw": null, "theme": 1, "animation": 92, "owner_layer": 29}}, {"pk": 325, "model": "DataManager.outdata", "fields": {"selection_criteria": "Theme Asset", "parameters": "", "final_data_path": "70s/stubphoto/duran.png", "priority": 0, "raw": null, "theme": 1, "animation": 1, "owner_layer": 29}}, {"pk": 326, "model": "DataManager.outdata", "fields": {"selection_criteria": "Theme Asset", "parameters": "", "final_data_path": "70s/stubphoto/duran.png", "priority": 0, "raw": null, "theme": 1, "animation": 2, "owner_layer": 29}}, {"pk": 327, "model": "DataManager.outdata", "fields": {"selection_criteria": "Theme Asset", "parameters": "", "final_data_path": "70s/stubphoto/sabri.png", "priority": 0, "raw": null, "theme": 1, "animation": 3, "owner_layer": 29}}, {"pk": 328, "model": "DataManager.outdata", "fields": {"selection_criteria": "Theme Asset", "parameters": "", "final_data_path": "70s/stubphoto/sabri.png", "priority": 0, "raw": null, "theme": 1, "animation": 4, "owner_layer": 29}}, {"pk": 329, "model": "DataManager.outdata", "fields": {"selection_criteria": "Theme Asset", "parameters": "", "final_data_path": "70s/stubphoto/sabri.png", "priority": 0, "raw": null, "theme": 1, "animation": 5, "owner_layer": 29}}, {"pk": 330, "model": "DataManager.outdata", "fields": {"selection_criteria": null, "parameters": null, "final_data_path": null, "priority": 0, "raw": null, "theme": 1, "animation": 6, "owner_layer": 29}}, {"pk": 331, "model": "DataManager.outdata", "fields": {"selection_criteria": "Theme Asset", "parameters": "", "final_data_path": "70s/stubphoto/duran.png", "priority": 0, "raw": null, "theme": 1, "animation": 93, "owner_layer": 29}}, {"pk": 332, "model": "DataManager.outdata", "fields": {"selection_criteria": "Theme Asset", "parameters": "", "final_data_path": "70s/stubphoto/sabri.png", "priority": 0, "raw": null, "theme": 1, "animation": 94, "owner_layer": 29}}, {"pk": 333, "model": "DataManager.outdata", "fields": {"selection_criteria": "Theme Asset", "parameters": "", "final_data_path": "http://a308.phobos.apple.com/us/r1000/075/Music/80/00/66/mzm.eqatqcau.aac.p.m4a", "priority": 0, "raw": null, "theme": 1, "animation": 32, "owner_layer": 30}}, {"pk": 334, "model": "DataManager.outdata", "fields": {"selection_criteria": "Theme Asset", "parameters": "", "final_data_path": "http://a308.phobos.apple.com/us/r1000/075/Music/80/00/66/mzm.eqatqcau.aac.p.m4a", "priority": 0, "raw": null, "theme": 1, "animation": 33, "owner_layer": 30}}, {"pk": 335, "model": "DataManager.outdata", "fields": {"selection_criteria": null, "parameters": null, "final_data_path": null, "priority": 0, "raw": null, "theme": 1, "animation": 34, "owner_layer": 30}}, {"pk": 336, "model": "DataManager.outdata", "fields": {"selection_criteria": "Theme Asset", "parameters": "", "final_data_path": "http://a308.phobos.apple.com/us/r1000/075/Music/80/00/66/mzm.eqatqcau.aac.p.m4a", "priority": 0, "raw": null, "theme": 1, "animation": 35, "owner_layer": 30}}, {"pk": 337, "model": "DataManager.outdata", "fields": {"selection_criteria": "Theme Asset", "parameters": "", "final_data_path": "http://a308.phobos.apple.com/us/r1000/075/Music/80/00/66/mzm.eqatqcau.aac.p.m4a", "priority": 0, "raw": null, "theme": 1, "animation": 36, "owner_layer": 30}}, {"pk": 338, "model": "DataManager.outdata", "fields": {"selection_criteria": "Theme Asset", "parameters": "", "final_data_path": "70s/background/rainbow-car.jpg", "priority": 0, "raw": null, "theme": 1, "animation": 10, "owner_layer": 31}}, {"pk": 339, "model": "DataManager.outdata", "fields": {"selection_criteria": "Theme Asset", "parameters": "", "final_data_path": "70s/background/rainbow-car.jpg", "priority": 0, "raw": null, "theme": 1, "animation": 11, "owner_layer": 31}}, {"pk": 340, "model": "DataManager.outdata", "fields": {"selection_criteria": "Theme Asset", "parameters": "", "final_data_path": "70s/background/rainbow-car.jpg", "priority": 0, "raw": null, "theme": 1, "animation": 12, "owner_layer": 31}}, {"pk": 341, "model": "DataManager.outdata", "fields": {"selection_criteria": "Theme Asset", "parameters": "", "final_data_path": "70s/stubphoto/duran.png", "priority": 0, "raw": null, "theme": 1, "animation": 1, "owner_layer": 32}}, {"pk": 342, "model": "DataManager.outdata", "fields": {"selection_criteria": "Theme Asset", "parameters": "", "final_data_path": "70s/stubphoto/duran.png", "priority": 0, "raw": null, "theme": 1, "animation": 2, "owner_layer": 32}}, {"pk": 343, "model": "DataManager.outdata", "fields": {"selection_criteria": "Theme Asset", "parameters": "", "final_data_path": "70s/stubphoto/sabri.png", "priority": 0, "raw": null, "theme": 1, "animation": 3, "owner_layer": 32}}, {"pk": 344, "model": "DataManager.outdata", "fields": {"selection_criteria": "Theme Asset", "parameters": "", "final_data_path": "70s/stubphoto/sabri.png", "priority": 0, "raw": null, "theme": 1, "animation": 4, "owner_layer": 32}}, {"pk": 345, "model": "DataManager.outdata", "fields": {"selection_criteria": "Theme Asset", "parameters": "", "final_data_path": "70s/stubphoto/sabri.png", "priority": 0, "raw": null, "theme": 1, "animation": 5, "owner_layer": 32}}, {"pk": 346, "model": "DataManager.outdata", "fields": {"selection_criteria": null, "parameters": null, "final_data_path": null, "priority": 0, "raw": null, "theme": 1, "animation": 6, "owner_layer": 32}}, {"pk": 347, "model": "DataManager.outdata", "fields": {"selection_criteria": "Theme Asset", "parameters": "", "final_data_path": "70s/stubphoto/duran.png", "priority": 0, "raw": null, "theme": 1, "animation": 93, "owner_layer": 32}}, {"pk": 348, "model": "DataManager.outdata", "fields": {"selection_criteria": "Theme Asset", "parameters": "", "final_data_path": "70s/stubphoto/sabri.png", "priority": 0, "raw": null, "theme": 1, "animation": 94, "owner_layer": 32}}, {"pk": 349, "model": "DataManager.outdata", "fields": {"selection_criteria": "Theme Asset", "parameters": "", "final_data_path": "70s/stubphoto/stormtrooper.png", "priority": 0, "raw": null, "theme": 1, "animation": 87, "owner_layer": 32}}, {"pk": 350, "model": "DataManager.outdata", "fields": {"selection_criteria": "Theme Asset", "parameters": "", "final_data_path": "70s/stubphoto/stormtrooper.png", "priority": 0, "raw": null, "theme": 1, "animation": 82, "owner_layer": 32}}, {"pk": 351, "model": "DataManager.outdata", "fields": {"selection_criteria": "Theme Asset", "parameters": "", "final_data_path": "70s/stubphoto/laser.png", "priority": 0, "raw": null, "theme": 1, "animation": 85, "owner_layer": 32}}, {"pk": 352, "model": "DataManager.outdata", "fields": {"selection_criteria": "Theme Asset", "parameters": "", "final_data_path": "70s/stubphoto/laser.png", "priority": 0, "raw": null, "theme": 1, "animation": 86, "owner_layer": 32}}, {"pk": 353, "model": "DataManager.outdata", "fields": {"selection_criteria": "Theme Asset", "parameters": "", "final_data_path": "70s/stubphoto/laser2.png", "priority": 0, "raw": null, "theme": 1, "animation": 89, "owner_layer": 32}}, {"pk": 354, "model": "DataManager.outdata", "fields": {"selection_criteria": "Theme Asset", "parameters": "", "final_data_path": "70s/stubphoto/laser2.png", "priority": 0, "raw": null, "theme": 1, "animation": 90, "owner_layer": 32}}, {"pk": 355, "model": "DataManager.outdata", "fields": {"selection_criteria": "Random", "parameters": null, "final_data_path": "operational_files/userdata/enhanced/ertan_Facebook_10151345047884729_11_enh1.jpg", "priority": 86, "raw": 2, "theme": 1, "animation": 48, "owner_layer": 32}}, {"pk": 356, "model": "DataManager.outdata", "fields": {"selection_criteria": "Random", "parameters": null, "final_data_path": "operational_files/userdata/enhanced/ertan_Facebook_10151345047884729_11_enh1.jpg", "priority": 86, "raw": 2, "theme": 1, "animation": 49, "owner_layer": 32}}, {"pk": 357, "model": "DataManager.outdata", "fields": {"selection_criteria": "Random", "parameters": null, "final_data_path": "operational_files/userdata/enhanced/ertan_Facebook_10151345047884729_11_enh1.jpg", "priority": 86, "raw": 2, "theme": 1, "animation": 50, "owner_layer": 32}}, {"pk": 358, "model": "DataManager.outdata", "fields": {"selection_criteria": "Random", "parameters": null, "final_data_path": "operational_files/userdata/enhanced/ertan_Facebook_10151345047884729_11_enh1.jpg", "priority": 86, "raw": 2, "theme": 1, "animation": 51, "owner_layer": 32}}, {"pk": 359, "model": "DataManager.outdata", "fields": {"selection_criteria": "Random", "parameters": null, "final_data_path": "operational_files/userdata/enhanced/ertan_Facebook_10151345047884729_11_enh1.jpg", "priority": 86, "raw": 2, "theme": 1, "animation": 52, "owner_layer": 32}}, {"pk": 360, "model": "DataManager.outdata", "fields": {"selection_criteria": "Random", "parameters": null, "final_data_path": "operational_files/userdata/enhanced/ertan_Facebook_10151345047884729_11_enh1.jpg", "priority": 86, "raw": 2, "theme": 1, "animation": 53, "owner_layer": 32}}, {"pk": 361, "model": "DataManager.outdata", "fields": {"selection_criteria": "Random", "parameters": null, "final_data_path": "operational_files/userdata/enhanced/ertan_Facebook_10151212279758404_11_enh1.jpg", "priority": 37, "raw": 3, "theme": 1, "animation": 54, "owner_layer": 32}}, {"pk": 362, "model": "DataManager.outdata", "fields": {"selection_criteria": "Random", "parameters": null, "final_data_path": "operational_files/userdata/enhanced/ertan_Facebook_10151212279758404_11_enh1.jpg", "priority": 37, "raw": 3, "theme": 1, "animation": 55, "owner_layer": 32}}, {"pk": 363, "model": "DataManager.outdata", "fields": {"selection_criteria": "Random", "parameters": null, "final_data_path": "operational_files/userdata/enhanced/ertan_Facebook_10151212279758404_11_enh1.jpg", "priority": 37, "raw": 3, "theme": 1, "animation": 56, "owner_layer": 32}}, {"pk": 364, "model": "DataManager.outdata", "fields": {"selection_criteria": null, "parameters": null, "final_data_path": null, "priority": 0, "raw": null, "theme": 1, "animation": 57, "owner_layer": 32}}, {"pk": 365, "model": "DataManager.outdata", "fields": {"selection_criteria": "Random", "parameters": null, "final_data_path": "operational_files/userdata/enhanced/ertan_Facebook_10151212279758404_11_enh1.jpg", "priority": 37, "raw": 3, "theme": 1, "animation": 58, "owner_layer": 32}}, {"pk": 366, "model": "DataManager.outdata", "fields": {"selection_criteria": "Random", "parameters": null, "final_data_path": "operational_files/userdata/enhanced/ertan_Facebook_10151345122424729_11_enh1.jpg", "priority": 26, "raw": 1, "theme": 1, "animation": 59, "owner_layer": 32}}, {"pk": 367, "model": "DataManager.outdata", "fields": {"selection_criteria": "Random", "parameters": null, "final_data_path": "operational_files/userdata/enhanced/ertan_Facebook_10151345122424729_11_enh1.jpg", "priority": 26, "raw": 1, "theme": 1, "animation": 60, "owner_layer": 32}}, {"pk": 368, "model": "DataManager.outdata", "fields": {"selection_criteria": null, "parameters": null, "final_data_path": null, "priority": 0, "raw": null, "theme": 1, "animation": 61, "owner_layer": 32}}, {"pk": 369, "model": "DataManager.outdata", "fields": {"selection_criteria": "Random", "parameters": null, "final_data_path": "operational_files/userdata/enhanced/ertan_Facebook_10151345122424729_11_enh1.jpg", "priority": 26, "raw": 1, "theme": 1, "animation": 62, "owner_layer": 32}}, {"pk": 370, "model": "DataManager.outdata", "fields": {"selection_criteria": "Random", "parameters": null, "final_data_path": "operational_files/userdata/enhanced/ertan_Facebook_10151345122424729_11_enh1.jpg", "priority": 26, "raw": 1, "theme": 1, "animation": 63, "owner_layer": 32}}, {"pk": 371, "model": "DataManager.outdata", "fields": {"selection_criteria": null, "parameters": null, "final_data_path": null, "priority": 0, "raw": null, "theme": 1, "animation": 64, "owner_layer": 32}}, {"pk": 372, "model": "DataManager.outdata", "fields": {"selection_criteria": "Theme Asset", "parameters": "", "final_data_path": "70s/stubphoto/red-car.png", "priority": 0, "raw": null, "theme": 1, "animation": 7, "owner_layer": 32}}, {"pk": 373, "model": "DataManager.outdata", "fields": {"selection_criteria": "Theme Asset", "parameters": "", "final_data_path": "70s/stubphoto/red-car.png", "priority": 0, "raw": null, "theme": 1, "animation": 8, "owner_layer": 32}}, {"pk": 374, "model": "DataManager.outdata", "fields": {"selection_criteria": "Theme Asset", "parameters": "", "final_data_path": "70s/stubphoto/r2d2.png", "priority": 0, "raw": null, "theme": 1, "animation": 91, "owner_layer": 32}}, {"pk": 375, "model": "DataManager.outdata", "fields": {"selection_criteria": "Theme Asset", "parameters": "", "final_data_path": "70s/stubphoto/r2d2.png", "priority": 0, "raw": null, "theme": 1, "animation": 92, "owner_layer": 32}}, {"pk": 376, "model": "DataManager.outdata", "fields": {"selection_criteria": "Theme Asset", "parameters": "", "final_data_path": "http://a308.phobos.apple.com/us/r1000/075/Music/80/00/66/mzm.eqatqcau.aac.p.m4a", "priority": 0, "raw": null, "theme": 1, "animation": 32, "owner_layer": 33}}, {"pk": 377, "model": "DataManager.outdata", "fields": {"selection_criteria": "Theme Asset", "parameters": "", "final_data_path": "http://a308.phobos.apple.com/us/r1000/075/Music/80/00/66/mzm.eqatqcau.aac.p.m4a", "priority": 0, "raw": null, "theme": 1, "animation": 33, "owner_layer": 33}}, {"pk": 378, "model": "DataManager.outdata", "fields": {"selection_criteria": null, "parameters": null, "final_data_path": null, "priority": 0, "raw": null, "theme": 1, "animation": 34, "owner_layer": 33}}, {"pk": 379, "model": "DataManager.outdata", "fields": {"selection_criteria": "Theme Asset", "parameters": "", "final_data_path": "http://a308.phobos.apple.com/us/r1000/075/Music/80/00/66/mzm.eqatqcau.aac.p.m4a", "priority": 0, "raw": null, "theme": 1, "animation": 35, "owner_layer": 33}}, {"pk": 380, "model": "DataManager.outdata", "fields": {"selection_criteria": "Theme Asset", "parameters": "", "final_data_path": "http://a308.phobos.apple.com/us/r1000/075/Music/80/00/66/mzm.eqatqcau.aac.p.m4a", "priority": 0, "raw": null, "theme": 1, "animation": 36, "owner_layer": 33}}, {"pk": 1, "model": "DataManager.coreanimationdata", "fields": {"order_in_group": 1, "pre": "", "anim": "", "group": 1, "name": "duran-appear", "click_animation": null, "waitPrev": true, "triggerNext": true, "delay": "", "used_object_type": "", "target": null, "duration": 1, "force": null, "extended_animation": false, "type": 2, "hover_animation": null, "used_theme_data": 2}}, {"pk": 2, "model": "DataManager.coreanimationdata", "fields": {"order_in_group": 2, "pre": "top:7%,width:7%,height:15%,z-Index:9998", "anim": "top:5%,width:18%,height:37%", "group": 1, "name": "duran pop", "click_animation": null, "waitPrev": true, "triggerNext": true, "delay": "", "used_object_type": "", "target": null, "duration": 200, "force": null, "extended_animation": false, "type": 0, "hover_animation": null, "used_theme_data": 2}}, {"pk": 3, "model": "DataManager.coreanimationdata", "fields": {"order_in_group": 3, "pre": "", "anim": "", "group": 1, "name": "sabri appear", "click_animation": 1, "waitPrev": true, "triggerNext": true, "delay": "", "used_object_type": "", "target": null, "duration": 1, "force": null, "extended_animation": false, "type": 2, "hover_animation": null, "used_theme_data": 3}}, {"pk": 4, "model": "DataManager.coreanimationdata", "fields": {"order_in_group": 4, "pre": "right:2%,top:7%,width:10%,height:15%,z-Index:9999", "anim": "right:0,top:5%,width:20%,height:22%", "group": 1, "name": "sabri pop", "click_animation": null, "waitPrev": true, "triggerNext": true, "delay": "", "used_object_type": "", "target": null, "duration": 200, "force": null, "extended_animation": false, "type": 0, "hover_animation": null, "used_theme_data": 3}}, {"pk": 5, "model": "DataManager.coreanimationdata", "fields": {"order_in_group": 5, "pre": "", "anim": "right:75%", "group": 1, "name": "sabri move", "click_animation": null, "waitPrev": true, "triggerNext": false, "delay": "", "used_object_type": "", "target": null, "duration": 10000, "force": null, "extended_animation": false, "type": 0, "hover_animation": null, "used_theme_data": 3}}, {"pk": 6, "model": "DataManager.coreanimationdata", "fields": {"order_in_group": 6, "pre": "", "anim": "", "group": 1, "name": "finish", "click_animation": null, "waitPrev": false, "triggerNext": true, "delay": "", "used_object_type": "", "target": null, "duration": 800, "force": null, "extended_animation": false, "type": 1, "hover_animation": null, "used_theme_data": null}}, {"pk": 7, "model": "DataManager.coreanimationdata", "fields": {"order_in_group": 1, "pre": "", "anim": "", "group": 2, "name": "car appear", "click_animation": null, "waitPrev": true, "triggerNext": true, "delay": "", "used_object_type": "", "target": null, "duration": 1, "force": null, "extended_animation": false, "type": 2, "hover_animation": null, "used_theme_data": 6}}, {"pk": 8, "model": "DataManager.coreanimationdata", "fields": {"order_in_group": 2, "pre": "right:-{{OBJECT_WIDTH}},top:50%,height:11%,width:30%,z-Index:9999", "anim": "right:100%", "group": 2, "name": "car move", "click_animation": null, "waitPrev": true, "triggerNext": true, "delay": "", "used_object_type": "", "target": null, "duration": 5000, "force": null, "extended_animation": false, "type": 0, "hover_animation": null, "used_theme_data": 6}}, {"pk": 9, "model": "DataManager.coreanimationdata", "fields": {"order_in_group": 1, "pre": "", "anim": "right:100%", "group": 5, "name": "Click Move Left Fast", "click_animation": null, "waitPrev": true, "triggerNext": true, "delay": "", "used_object_type": "", "target": null, "duration": 300, "force": null, "extended_animation": false, "type": 0, "hover_animation": null, "used_theme_data": null}}, {"pk": 10, "model": "DataManager.coreanimationdata", "fields": {"order_in_group": 1, "pre": "", "anim": "", "group": 3, "name": "bg appear", "click_animation": null, "waitPrev": true, "triggerNext": true, "delay": "", "used_object_type": "{{RAND_THEME_BG}}", "target": null, "duration": 1, "force": null, "extended_animation": false, "type": 2, "hover_animation": null, "used_theme_data": null}}, {"pk": 11, "model": "DataManager.coreanimationdata", "fields": {"order_in_group": 2, "pre": "opacity:0,width:120%,height:120%", "anim": "opacity:1", "group": 3, "name": "bg move", "click_animation": null, "waitPrev": true, "triggerNext": false, "delay": "", "used_object_type": "{{THEME_BG}}", "target": null, "duration": 500, "force": null, "extended_animation": false, "type": 0, "hover_animation": null, "used_theme_data": null}}, {"pk": 12, "model": "DataManager.coreanimationdata", "fields": {"order_in_group": 3, "pre": "", "anim": "left:-20%", "group": 3, "name": "bg move", "click_animation": null, "waitPrev": false, "triggerNext": true, "delay": "", "used_object_type": "{{THEME_BG}}", "target": null, "duration": 20000, "force": null, "extended_animation": false, "type": 0, "hover_animation": null, "used_theme_data": null}}, {"pk": 13, "model": "DataManager.coreanimationdata", "fields": {"order_in_group": 1, "pre": "", "anim": "", "group": 6, "name": "Photo Pop", "click_animation": null, "waitPrev": true, "triggerNext": true, "delay": "", "used_object_type": "{{NEXT_USER_PHOTO}}", "target": null, "duration": 1, "force": null, "extended_animation": false, "type": 2, "hover_animation": null, "used_theme_data": null}}, {"pk": 14, "model": "DataManager.coreanimationdata", "fields": {"order_in_group": 2, "pre": "top:40%,left:40%,height:10%", "anim": "top:30%,left:23%,height:30%,width:25%", "group": 6, "name": "Photo Pop", "click_animation": null, "waitPrev": true, "triggerNext": true, "delay": "", "used_object_type": "{{USER_PHOTO}}", "target": null, "duration": 300, "force": null, "extended_animation": false, "type": 0, "hover_animation": null, "used_theme_data": null}}, {"pk": 15, "model": "DataManager.coreanimationdata", "fields": {"order_in_group": 4, "pre": "", "anim": "", "group": 6, "name": "Appear Photo", "click_animation": null, "waitPrev": true, "triggerNext": true, "delay": "", "used_object_type": "{{NEXT_USER_PHOTO}}", "target": null, "duration": 1, "force": null, "extended_animation": false, "type": 2, "hover_animation": null, "used_theme_data": null}}, {"pk": 16, "model": "DataManager.coreanimationdata", "fields": {"order_in_group": 5, "pre": "left:70%,top:70%,height:10%", "anim": "left:47%,top:60%,height:30%,width:25%", "group": 6, "name": "Photo Pop", "click_animation": null, "waitPrev": true, "triggerNext": true, "delay": "", "used_object_type": "{{USER_PHOTO}}", "target": null, "duration": 300, "force": null, "extended_animation": false, "type": 0, "hover_animation": null, "used_theme_data": null}}, {"pk": 17, "model": "DataManager.coreanimationdata", "fields": {"order_in_group": 7, "pre": "", "anim": "", "group": 6, "name": "Photo Appear", "click_animation": null, "waitPrev": true, "triggerNext": true, "delay": "", "used_object_type": "{{NEXT_USER_PHOTO}}", "target": null, "duration": 1, "force": null, "extended_animation": false, "type": 2, "hover_animation": 2, "used_theme_data": null}}, {"pk": 18, "model": "DataManager.coreanimationdata", "fields": {"order_in_group": 8, "pre": "right:20%,top:20%,height:10%", "anim": "right:10%,top:8%,height:40%,width:25%", "group": 6, "name": "Photo Pop", "click_animation": null, "waitPrev": true, "triggerNext": true, "delay": "", "used_object_type": "{{USER_PHOTO}}", "target": null, "duration": 300, "force": null, "extended_animation": false, "type": 0, "hover_animation": null, "used_theme_data": null}}, {"pk": 21, "model": "DataManager.coreanimationdata", "fields": {"order_in_group": 1, "pre": "", "anim": "scale:1.2", "group": 8, "name": "scale 1.2", "click_animation": null, "waitPrev": false, "triggerNext": true, "delay": "", "used_object_type": "", "target": null, "duration": 500, "force": null, "extended_animation": false, "type": 0, "hover_animation": null, "used_theme_data": null}}, {"pk": 22, "model": "DataManager.coreanimationdata", "fields": {"order_in_group": 1, "pre": "", "anim": "", "group": 7, "name": "Appear Photo", "click_animation": null, "waitPrev": true, "triggerNext": true, "delay": "", "used_object_type": "{{NEXT_USER_PHOTO}}", "target": null, "duration": 1, "force": null, "extended_animation": false, "type": 2, "hover_animation": null, "used_theme_data": null}}, {"pk": 23, "model": "DataManager.coreanimationdata", "fields": {"order_in_group": 2, "pre": "opacity:0", "anim": "opacity:1", "group": 7, "name": "Appear Photo", "click_animation": null, "waitPrev": true, "triggerNext": false, "delay": "", "used_object_type": "{{USER_PHOTO}}", "target": null, "duration": 1000, "force": null, "extended_animation": false, "type": 0, "hover_animation": null, "used_theme_data": null}}, {"pk": 24, "model": "DataManager.coreanimationdata", "fields": {"order_in_group": 3, "pre": "width:30%,height:30%", "anim": "top:30%,left:30%", "group": 7, "name": "move", "click_animation": null, "waitPrev": false, "triggerNext": true, "delay": "", "used_object_type": "{{USER_PHOTO}}", "target": null, "duration": 2000, "force": null, "extended_animation": false, "type": 0, "hover_animation": null, "used_theme_data": null}}, {"pk": 25, "model": "DataManager.coreanimationdata", "fields": {"order_in_group": 1, "pre": "", "anim": "", "group": 9, "name": "Photo Pop", "click_animation": null, "waitPrev": true, "triggerNext": true, "delay": "", "used_object_type": "{{NEXT_USER_PHOTO}}", "target": null, "duration": 1, "force": null, "extended_animation": false, "type": 2, "hover_animation": null, "used_theme_data": null}}, {"pk": 26, "model": "DataManager.coreanimationdata", "fields": {"order_in_group": 2, "pre": "top:50%,left:0%,width:35%,height:50%", "anim": "top:33%,left:33%,rotateY:720deg", "group": 9, "name": "flip and appear from left", "click_animation": null, "waitPrev": true, "triggerNext": true, "delay": "", "used_object_type": "{{USER_PHOTO}}", "target": null, "duration": 1500, "force": null, "extended_animation": true, "type": 0, "hover_animation": null, "used_theme_data": null}}, {"pk": 27, "model": "DataManager.coreanimationdata", "fields": {"order_in_group": 3, "pre": "", "anim": "", "group": 9, "name": "sleep", "click_animation": null, "waitPrev": true, "triggerNext": true, "delay": "", "used_object_type": "", "target": null, "duration": 4000, "force": null, "extended_animation": false, "type": 1, "hover_animation": null, "used_theme_data": null}}, {"pk": 28, "model": "DataManager.coreanimationdata", "fields": {"order_in_group": 4, "pre": "", "anim": "perspective:100px,rotateY:720deg,left:100%,top:0%", "group": 9, "name": "photo disappear flipping", "click_animation": null, "waitPrev": true, "triggerNext": false, "delay": "", "used_object_type": "{{USER_PHOTO}}", "target": null, "duration": 1000, "force": null, "extended_animation": false, "type": 0, "hover_animation": null, "used_theme_data": null}}, {"pk": 29, "model": "DataManager.coreanimationdata", "fields": {"order_in_group": 5, "pre": "", "anim": "", "group": 9, "name": "show", "click_animation": null, "waitPrev": false, "triggerNext": true, "delay": "", "used_object_type": "{{NEXT_USER_PHOTO}}", "target": null, "duration": 1, "force": null, "extended_animation": false, "type": 2, "hover_animation": null, "used_theme_data": null}}, {"pk": 30, "model": "DataManager.coreanimationdata", "fields": {"order_in_group": 6, "pre": "left:0%,top:10%,width:35%,height:50%", "anim": "left:33%,top:33%,perspective:100px,rotateY:720deg", "group": 9, "name": "flip and appear from left 2", "click_animation": null, "waitPrev": true, "triggerNext": true, "delay": "", "used_object_type": "{{USER_PHOTO}}", "target": null, "duration": 1500, "force": null, "extended_animation": true, "type": 0, "hover_animation": null, "used_theme_data": null}}, {"pk": 31, "model": "DataManager.coreanimationdata", "fields": {"order_in_group": 7, "pre": "", "anim": "", "group": 9, "name": "sleep", "click_animation": null, "waitPrev": true, "triggerNext": true, "delay": "", "used_object_type": "", "target": null, "duration": 3000, "force": null, "extended_animation": false, "type": 1, "hover_animation": null, "used_theme_data": null}}, {"pk": 32, "model": "DataManager.coreanimationdata", "fields": {"order_in_group": 1, "pre": "", "anim": "", "group": 10, "name": "music play", "click_animation": null, "waitPrev": false, "triggerNext": true, "delay": "", "used_object_type": "{{NEXT_THEME_MUSIC}}", "target": null, "duration": 1, "force": null, "extended_animation": false, "type": 10, "hover_animation": null, "used_theme_data": null}}, {"pk": 33, "model": "DataManager.coreanimationdata", "fields": {"order_in_group": 2, "pre": "", "anim": "", "group": 10, "name": "music fadein", "click_animation": null, "waitPrev": true, "triggerNext": true, "delay": "", "used_object_type": "{{THEME_MUSIC}}", "target": null, "duration": 1000, "force": null, "extended_animation": false, "type": 14, "hover_animation": null, "used_theme_data": null}}, {"pk": 34, "model": "DataManager.coreanimationdata", "fields": {"order_in_group": 3, "pre": "", "anim": "", "group": 10, "name": "", "click_animation": null, "waitPrev": true, "triggerNext": true, "delay": "", "used_object_type": "", "target": null, "duration": 19000, "force": null, "extended_animation": false, "type": 1, "hover_animation": null, "used_theme_data": null}}, {"pk": 35, "model": "DataManager.coreanimationdata", "fields": {"order_in_group": 4, "pre": "", "anim": "", "group": 10, "name": "music fadeout", "click_animation": null, "waitPrev": true, "triggerNext": false, "delay": "", "used_object_type": "{{THEME_MUSIC}}", "target": null, "duration": 1000, "force": null, "extended_animation": false, "type": 15, "hover_animation": null, "used_theme_data": null}}, {"pk": 36, "model": "DataManager.coreanimationdata", "fields": {"order_in_group": 5, "pre": "", "anim": "", "group": 10, "name": "", "click_animation": null, "waitPrev": true, "triggerNext": true, "delay": "", "used_object_type": "{{THEME_MUSIC}}", "target": null, "duration": 1, "force": null, "extended_animation": false, "type": 12, "hover_animation": null, "used_theme_data": null}}, {"pk": 40, "model": "DataManager.coreanimationdata", "fields": {"order_in_group": 3, "pre": "", "anim": "", "group": 6, "name": "", "click_animation": null, "waitPrev": true, "triggerNext": true, "delay": "", "used_object_type": "", "target": null, "duration": 500, "force": null, "extended_animation": false, "type": 1, "hover_animation": null, "used_theme_data": null}}, {"pk": 41, "model": "DataManager.coreanimationdata", "fields": {"order_in_group": 6, "pre": "", "anim": "", "group": 6, "name": "", "click_animation": null, "waitPrev": true, "triggerNext": true, "delay": "", "used_object_type": "", "target": null, "duration": 500, "force": null, "extended_animation": false, "type": 1, "hover_animation": null, "used_theme_data": null}}, {"pk": 42, "model": "DataManager.coreanimationdata", "fields": {"order_in_group": 9, "pre": "", "anim": "", "group": 6, "name": "finish", "click_animation": null, "waitPrev": true, "triggerNext": true, "delay": "", "used_object_type": "", "target": null, "duration": 8000, "force": null, "extended_animation": false, "type": 1, "hover_animation": null, "used_theme_data": null}}, {"pk": 43, "model": "DataManager.coreanimationdata", "fields": {"order_in_group": 8, "pre": "", "anim": "left:100%,perspective:100px,rotateX:720deg", "group": 9, "name": "flip to disappear", "click_animation": null, "waitPrev": true, "triggerNext": false, "delay": "", "used_object_type": "{{USER_PHOTO}}", "target": null, "duration": 1000, "force": null, "extended_animation": true, "type": 0, "hover_animation": null, "used_theme_data": null}}, {"pk": 44, "model": "DataManager.coreanimationdata", "fields": {"order_in_group": 10, "pre": "", "anim": "", "group": 9, "name": "show", "click_animation": null, "waitPrev": false, "triggerNext": true, "delay": "", "used_object_type": "{{NEXT_USER_PHOTO}}", "target": null, "duration": 1, "force": null, "extended_animation": false, "type": 2, "hover_animation": null, "used_theme_data": null}}, {"pk": 45, "model": "DataManager.coreanimationdata", "fields": {"order_in_group": 11, "pre": "left:0%,top:33%,width:35%,height:50%", "anim": "left:33%,perspective:100px,rotateX:720deg", "group": 9, "name": "flip and appear from left 3", "click_animation": null, "waitPrev": true, "triggerNext": true, "delay": "", "used_object_type": "{{USER_PHOTO}}", "target": null, "duration": 1500, "force": null, "extended_animation": true, "type": 0, "hover_animation": null, "used_theme_data": null}}, {"pk": 46, "model": "DataManager.coreanimationdata", "fields": {"order_in_group": 12, "pre": "", "anim": "", "group": 9, "name": "sleep", "click_animation": null, "waitPrev": true, "triggerNext": true, "delay": "", "used_object_type": "", "target": null, "duration": 3000, "force": null, "extended_animation": false, "type": 1, "hover_animation": null, "used_theme_data": null}}, {"pk": 47, "model": "DataManager.coreanimationdata", "fields": {"order_in_group": 13, "pre": "", "anim": "left:100%,perspective:100px,rotateY:720deg", "group": 9, "name": "flip to disappear", "click_animation": null, "waitPrev": true, "triggerNext": true, "delay": "", "used_object_type": "{{USER_PHOTO}}", "target": null, "duration": 1000, "force": null, "extended_animation": true, "type": 0, "hover_animation": null, "used_theme_data": null}}, {"pk": 48, "model": "DataManager.coreanimationdata", "fields": {"order_in_group": 1, "pre": "", "anim": "", "group": 11, "name": "Photo Appear", "click_animation": null, "waitPrev": true, "triggerNext": true, "delay": "", "used_object_type": "{{NEXT_USER_PHOTO}}", "target": null, "duration": 1, "force": null, "extended_animation": false, "type": 2, "hover_animation": null, "used_theme_data": null}}, {"pk": 49, "model": "DataManager.coreanimationdata", "fields": {"order_in_group": 2, "pre": "left:-110%", "anim": "left:5%", "group": 11, "name": "photo come in", "click_animation": null, "waitPrev": true, "triggerNext": true, "delay": "", "used_object_type": "{{USER_PHOTO}}", "target": null, "duration": 2000, "force": null, "extended_animation": false, "type": 0, "hover_animation": null, "used_theme_data": null}}, {"pk": 50, "model": "DataManager.coreanimationdata", "fields": {"order_in_group": 3, "pre": "", "anim": "left:10%", "group": 11, "name": "wait floating", "click_animation": null, "waitPrev": true, "triggerNext": true, "delay": "", "used_object_type": "{{USER_PHOTO}}", "target": null, "duration": 5000, "force": null, "extended_animation": false, "type": 0, "hover_animation": null, "used_theme_data": null}}, {"pk": 51, "model": "DataManager.coreanimationdata", "fields": {"order_in_group": 4, "pre": "", "anim": "left:170%,top:-10%", "group": 11, "name": "move out", "click_animation": null, "waitPrev": true, "triggerNext": false, "delay": "", "used_object_type": "{{USER_PHOTO}}", "target": null, "duration": 2000, "force": null, "extended_animation": false, "type": 0, "hover_animation": null, "used_theme_data": null}}, {"pk": 52, "model": "DataManager.coreanimationdata", "fields": {"order_in_group": 5, "pre": "", "anim": "width:50%,height:50%", "group": 11, "name": "shrink", "click_animation": null, "waitPrev": false, "triggerNext": true, "delay": "", "used_object_type": "{{USER_PHOTO}}", "target": null, "duration": 1000, "force": null, "extended_animation": false, "type": 0, "hover_animation": null, "used_theme_data": null}}, {"pk": 53, "model": "DataManager.coreanimationdata", "fields": {"order_in_group": 6, "pre": "", "anim": "opacity:0", "group": 11, "name": "disappear", "click_animation": null, "waitPrev": true, "triggerNext": false, "delay": "", "used_object_type": "{{USER_PHOTO}}", "target": null, "duration": 500, "force": null, "extended_animation": false, "type": 0, "hover_animation": null, "used_theme_data": null}}, {"pk": 54, "model": "DataManager.coreanimationdata", "fields": {"order_in_group": 7, "pre": "", "anim": "", "group": 11, "name": "Appear Photo", "click_animation": null, "waitPrev": false, "triggerNext": true, "delay": "", "used_object_type": "{{NEXT_USER_PHOTO}}", "target": null, "duration": 1, "force": null, "extended_animation": false, "type": 2, "hover_animation": null, "used_theme_data": null}}, {"pk": 55, "model": "DataManager.coreanimationdata", "fields": {"order_in_group": 8, "pre": "top:17%,left:22%,width:68%,height:68%,opacity:0", "anim": "top:15%,left:20%,width:70%,height:70%,opacity:1", "group": 11, "name": "Photo Pop", "click_animation": null, "waitPrev": true, "triggerNext": true, "delay": "", "used_object_type": "{{USER_PHOTO}}", "target": null, "duration": 500, "force": null, "extended_animation": false, "type": 0, "hover_animation": null, "used_theme_data": null}}, {"pk": 56, "model": "DataManager.coreanimationdata", "fields": {"order_in_group": 9, "pre": "", "anim": "top:0%,left:10%,width:100%,height:100%", "group": 11, "name": "Photo Bubble", "click_animation": null, "waitPrev": true, "triggerNext": false, "delay": "", "used_object_type": "{{USER_PHOTO}}", "target": null, "duration": 5000, "force": null, "extended_animation": false, "type": 0, "hover_animation": null, "used_theme_data": null}}, {"pk": 57, "model": "DataManager.coreanimationdata", "fields": {"order_in_group": 10, "pre": "", "anim": "", "group": 11, "name": "wait to disappear", "click_animation": null, "waitPrev": false, "triggerNext": true, "delay": "", "used_object_type": "", "target": null, "duration": 4500, "force": null, "extended_animation": false, "type": 1, "hover_animation": null, "used_theme_data": null}}, {"pk": 58, "model": "DataManager.coreanimationdata", "fields": {"order_in_group": 11, "pre": "", "anim": "opacity:0", "group": 11, "name": "photo disappear", "click_animation": null, "waitPrev": true, "triggerNext": true, "delay": "", "used_object_type": "{{USER_PHOTO}}", "target": null, "duration": 500, "force": null, "extended_animation": false, "type": 0, "hover_animation": null, "used_theme_data": null}}, {"pk": 59, "model": "DataManager.coreanimationdata", "fields": {"order_in_group": 11, "pre": "", "anim": "", "group": 11, "name": "Appear Photo", "click_animation": null, "waitPrev": true, "triggerNext": true, "delay": "", "used_object_type": "{{NEXT_USER_PHOTO}}", "target": null, "duration": 1, "force": null, "extended_animation": false, "type": 2, "hover_animation": null, "used_theme_data": null}}, {"pk": 60, "model": "DataManager.coreanimationdata", "fields": {"order_in_group": 12, "pre": "width:100%,height:100%,top:0,left:0,opacity:0", "anim": "width:80%,height:80%,top:10%,left:10%,opacity:1", "group": 11, "name": "Photo Pop in", "click_animation": null, "waitPrev": true, "triggerNext": true, "delay": "", "used_object_type": "{{USER_PHOTO}}", "target": null, "duration": 1000, "force": null, "extended_animation": false, "type": 0, "hover_animation": null, "used_theme_data": null}}, {"pk": 61, "model": "DataManager.coreanimationdata", "fields": {"order_in_group": 13, "pre": "", "anim": "", "group": 11, "name": "wait", "click_animation": null, "waitPrev": true, "triggerNext": true, "delay": "", "used_object_type": "", "target": null, "duration": 1000, "force": null, "extended_animation": false, "type": 1, "hover_animation": null, "used_theme_data": null}}, {"pk": 62, "model": "DataManager.coreanimationdata", "fields": {"order_in_group": 14, "pre": "", "anim": "left:0%", "group": 11, "name": "float left", "click_animation": null, "waitPrev": true, "triggerNext": true, "delay": "", "used_object_type": "{{USER_PHOTO}}", "target": null, "duration": 4000, "force": null, "extended_animation": false, "type": 0, "hover_animation": null, "used_theme_data": null}}, {"pk": 63, "model": "DataManager.coreanimationdata", "fields": {"order_in_group": 15, "pre": "", "anim": "left:-100%", "group": 11, "name": "disappear", "click_animation": null, "waitPrev": true, "triggerNext": false, "delay": "", "used_object_type": "{{USER_PHOTO}}", "target": null, "duration": 500, "force": null, "extended_animation": false, "type": 0, "hover_animation": null, "used_theme_data": null}}, {"pk": 64, "model": "DataManager.coreanimationdata", "fields": {"order_in_group": 16, "pre": "", "anim": "", "group": 11, "name": "finish", "click_animation": null, "waitPrev": false, "triggerNext": true, "delay": "", "used_object_type": "", "target": null, "duration": 1, "force": null, "extended_animation": false, "type": 1, "hover_animation": null, "used_theme_data": null}}, {"pk": 65, "model": "DataManager.coreanimationdata", "fields": {"order_in_group": 1, "pre": "", "anim": "", "group": 12, "name": "Photo show", "click_animation": null, "waitPrev": true, "triggerNext": true, "delay": "", "used_object_type": "{{NEXT_USER_PHOTO}}", "target": null, "duration": 1, "force": null, "extended_animation": false, "type": 2, "hover_animation": null, "used_theme_data": null}}, {"pk": 66, "model": "DataManager.coreanimationdata", "fields": {"order_in_group": 2, "pre": "top:100%,width:60%,height:60%", "anim": "top:-60%", "group": 12, "name": "Photo float up", "click_animation": null, "waitPrev": true, "triggerNext": false, "delay": "", "used_object_type": "{{USER_PHOTO}}", "target": null, "duration": 5000, "force": null, "extended_animation": false, "type": 0, "hover_animation": null, "used_theme_data": null}}, {"pk": 67, "model": "DataManager.coreanimationdata", "fields": {"order_in_group": 3, "pre": "", "anim": "widht:80%,height:80%", "group": 12, "name": "increase size", "click_animation": null, "waitPrev": false, "triggerNext": true, "delay": "", "used_object_type": "{{USER_PHOTO}}", "target": null, "duration": 3000, "force": null, "extended_animation": false, "type": 0, "hover_animation": null, "used_theme_data": null}}, {"pk": 68, "model": "DataManager.coreanimationdata", "fields": {"order_in_group": 4, "pre": "", "anim": "width:10px,height:10px,left:25%", "group": 12, "name": "smaller", "click_animation": null, "waitPrev": true, "triggerNext": false, "delay": "", "used_object_type": "{{USER_PHOTO}}", "target": null, "duration": 2000, "force": null, "extended_animation": false, "type": 0, "hover_animation": null, "used_theme_data": null}}, {"pk": 69, "model": "DataManager.coreanimationdata", "fields": {"order_in_group": 5, "pre": "", "anim": "", "group": 12, "name": "show", "click_animation": null, "waitPrev": false, "triggerNext": true, "delay": "", "used_object_type": "{{NEXT_USER_PHOTO}}", "target": null, "duration": 1, "force": null, "extended_animation": false, "type": 2, "hover_animation": null, "used_theme_data": null}}, {"pk": 70, "model": "DataManager.coreanimationdata", "fields": {"order_in_group": 6, "pre": "left:50%,top:100%", "anim": "top:-50%", "group": 12, "name": "float up", "click_animation": null, "waitPrev": true, "triggerNext": false, "delay": "", "used_object_type": "{{USER_PHOTO}}", "target": null, "duration": 5000, "force": null, "extended_animation": false, "type": 0, "hover_animation": null, "used_theme_data": null}}, {"pk": 71, "model": "DataManager.coreanimationdata", "fields": {"order_in_group": 7, "pre": "width:50%,height:50%", "anim": "width:80%,height:80%", "group": 12, "name": "photo disappear", "click_animation": null, "waitPrev": false, "triggerNext": true, "delay": "", "used_object_type": "{{USER_PHOTO}}", "target": null, "duration": 3000, "force": null, "extended_animation": false, "type": 0, "hover_animation": null, "used_theme_data": null}}, {"pk": 72, "model": "DataManager.coreanimationdata", "fields": {"order_in_group": 8, "pre": "", "anim": "width:10px,height:10px", "group": 12, "name": "disappear", "click_animation": null, "waitPrev": true, "triggerNext": false, "delay": "", "used_object_type": "{{USER_PHOTO}}", "target": null, "duration": 2000, "force": null, "extended_animation": false, "type": 0, "hover_animation": null, "used_theme_data": null}}, {"pk": 73, "model": "DataManager.coreanimationdata", "fields": {"order_in_group": 9, "pre": "", "anim": "", "group": 12, "name": "show", "click_animation": null, "waitPrev": false, "triggerNext": true, "delay": "", "used_object_type": "{{NEXT_USER_PHOTO}}", "target": null, "duration": 1, "force": null, "extended_animation": false, "type": 2, "hover_animation": null, "used_theme_data": null}}, {"pk": 74, "model": "DataManager.coreanimationdata", "fields": {"order_in_group": 10, "pre": "top:100%,left:25%", "anim": "top:-50%", "group": 12, "name": "float up", "click_animation": null, "waitPrev": true, "triggerNext": true, "delay": "", "used_object_type": "{{USER_PHOTO}}", "target": null, "duration": 5000, "force": null, "extended_animation": false, "type": 0, "hover_animation": null, "used_theme_data": null}}, {"pk": 75, "model": "DataManager.coreanimationdata", "fields": {"order_in_group": 11, "pre": "width:30%,height:30%", "anim": "width:70%,height:70%", "group": 12, "name": "increase size", "click_animation": null, "waitPrev": false, "triggerNext": true, "delay": "", "used_object_type": "{{USER_PHOTO}}", "target": null, "duration": 3000, "force": null, "extended_animation": false, "type": 0, "hover_animation": null, "used_theme_data": null}}, {"pk": 76, "model": "DataManager.coreanimationdata", "fields": {"order_in_group": 12, "pre": "", "anim": "width:10px,height:10px", "group": 12, "name": "shrink", "click_animation": null, "waitPrev": true, "triggerNext": false, "delay": "", "used_object_type": "{{USER_PHOTO}}", "target": null, "duration": 2000, "force": null, "extended_animation": false, "type": 0, "hover_animation": null, "used_theme_data": null}}, {"pk": 77, "model": "DataManager.coreanimationdata", "fields": {"order_in_group": 13, "pre": "", "anim": "", "group": 12, "name": "show", "click_animation": null, "waitPrev": false, "triggerNext": true, "delay": "", "used_object_type": "{{NEXT_USER_PHOTO}}", "target": null, "duration": 1, "force": null, "extended_animation": false, "type": 2, "hover_animation": null, "used_theme_data": null}}, {"pk": 78, "model": "DataManager.coreanimationdata", "fields": {"order_in_group": 14, "pre": "left:20%,top:100%", "anim": "top:-50%", "group": 12, "name": "float up", "click_animation": null, "waitPrev": true, "triggerNext": false, "delay": "", "used_object_type": "{{USER_PHOTO}}", "target": null, "duration": 5000, "force": null, "extended_animation": false, "type": 0, "hover_animation": null, "used_theme_data": null}}, {"pk": 79, "model": "DataManager.coreanimationdata", "fields": {"order_in_group": 15, "pre": "width:10%,height:10%", "anim": "width:80%,height:80%", "group": 12, "name": "increase size", "click_animation": null, "waitPrev": false, "triggerNext": true, "delay": "", "used_object_type": "{{USER_PHOTO}}", "target": null, "duration": 3000, "force": null, "extended_animation": false, "type": 0, "hover_animation": null, "used_theme_data": null}}, {"pk": 80, "model": "DataManager.coreanimationdata", "fields": {"order_in_group": 16, "pre": "", "anim": "width:10px,height:10px,left:35%", "group": 12, "name": "shrink", "click_animation": null, "waitPrev": true, "triggerNext": false, "delay": "", "used_object_type": "{{USER_PHOTO}}", "target": null, "duration": 2000, "force": null, "extended_animation": false, "type": 0, "hover_animation": null, "used_theme_data": null}}, {"pk": 82, "model": "DataManager.coreanimationdata", "fields": {"order_in_group": 2, "pre": "width:15%,height:30%,top:50%,left:100%,z-Index:9998", "anim": "left:85%", "group": 13, "name": "come in", "click_animation": null, "waitPrev": true, "triggerNext": true, "delay": "", "used_object_type": "", "target": null, "duration": 300, "force": null, "extended_animation": false, "type": 0, "hover_animation": null, "used_theme_data": 18}}, {"pk": 84, "model": "DataManager.coreanimationdata", "fields": {"order_in_group": 1, "pre": "opacity:1", "anim": "left:-40%", "group": 14, "name": "fire the gun", "click_animation": null, "waitPrev": true, "triggerNext": true, "delay": "", "used_object_type": "", "target": null, "duration": 500, "force": null, "extended_animation": false, "type": 0, "hover_animation": null, "used_theme_data": null}}, {"pk": 85, "model": "DataManager.coreanimationdata", "fields": {"order_in_group": 3, "pre": "", "anim": "", "group": 13, "name": "laser show", "click_animation": 3, "waitPrev": true, "triggerNext": true, "delay": "", "used_object_type": "", "target": null, "duration": 1, "force": null, "extended_animation": false, "type": 2, "hover_animation": null, "used_theme_data": 19}}, {"pk": 86, "model": "DataManager.coreanimationdata", "fields": {"order_in_group": 4, "pre": "opacity:0,z-Index:9999", "anim": "width:15%,height:30%,top:50%,left:85%", "group": 13, "name": "laser to position", "click_animation": null, "waitPrev": true, "triggerNext": true, "delay": "", "used_object_type": "", "target": null, "duration": 1, "force": null, "extended_animation": false, "type": 0, "hover_animation": null, "used_theme_data": 19}}, {"pk": 87, "model": "DataManager.coreanimationdata", "fields": {"order_in_group": 1, "pre": "", "anim": "", "group": 13, "name": "trooper show", "click_animation": null, "waitPrev": true, "triggerNext": true, "delay": "", "used_object_type": "", "target": null, "duration": 1, "force": null, "extended_animation": false, "type": 2, "hover_animation": null, "used_theme_data": 18}}, {"pk": 88, "model": "DataManager.coreanimationdata", "fields": {"order_in_group": 2, "pre": "opacity:0", "anim": "left:85%", "group": 14, "name": "", "click_animation": null, "waitPrev": true, "triggerNext": false, "delay": "", "used_object_type": "", "target": null, "duration": 1, "force": null, "extended_animation": false, "type": 0, "hover_animation": null, "used_theme_data": null}}, {"pk": 89, "model": "DataManager.coreanimationdata", "fields": {"order_in_group": 5, "pre": "", "anim": "", "group": 13, "name": "laser2 show", "click_animation": 3, "waitPrev": true, "triggerNext": true, "delay": "", "used_object_type": "", "target": null, "duration": 1, "force": null, "extended_animation": false, "type": 2, "hover_animation": null, "used_theme_data": 22}}, {"pk": 90, "model": "DataManager.coreanimationdata", "fields": {"order_in_group": 6, "pre": "opacity:0,z-Index:9999", "anim": "width:15%,height:30%,top:50%,left:85%", "group": 13, "name": "laser2 to position", "click_animation": null, "waitPrev": true, "triggerNext": true, "delay": "", "used_object_type": "", "target": null, "duration": 1, "force": null, "extended_animation": false, "type": 0, "hover_animation": null, "used_theme_data": 22}}, {"pk": 91, "model": "DataManager.coreanimationdata", "fields": {"order_in_group": 1, "pre": "", "anim": "", "group": 15, "name": "show r2", "click_animation": null, "waitPrev": true, "triggerNext": true, "delay": "", "used_object_type": "", "target": null, "duration": 1, "force": null, "extended_animation": false, "type": 2, "hover_animation": null, "used_theme_data": 21}}, {"pk": 92, "model": "DataManager.coreanimationdata", "fields": {"order_in_group": 2, "pre": "top:-30%,left:40%,width:25%,height:30%", "anim": "top:50%,left:125%", "group": 15, "name": "move r2", "click_animation": null, "waitPrev": true, "triggerNext": true, "delay": "", "used_object_type": "", "target": null, "duration": 4000, "force": null, "extended_animation": false, "type": 0, "hover_animation": null, "used_theme_data": 21}}, {"pk": 93, "model": "DataManager.coreanimationdata", "fields": {"order_in_group": 7, "pre": "", "anim": "opacity:0", "group": 1, "name": "duran hide", "click_animation": null, "waitPrev": true, "triggerNext": true, "delay": 10000, "used_object_type": "", "target": null, "duration": 300, "force": null, "extended_animation": false, "type": 3, "hover_animation": null, "used_theme_data": 2}}, {"pk": 94, "model": "DataManager.coreanimationdata", "fields": {"order_in_group": 8, "pre": "", "anim": "opacity:0", "group": 1, "name": "sabri hide", "click_animation": null, "waitPrev": true, "triggerNext": true, "delay": 10000, "used_object_type": "", "target": null, "duration": 500, "force": null, "extended_animation": false, "type": 3, "hover_animation": null, "used_theme_data": 3}}, {"pk": 1, "model": "DataManager.imageenhancement", "fields": {"example_path": null, "script_path": "frame.sh", "name": "Apply Frame", "parameters": "{{RAND_THEME_FRAME}} {{THEME_DATA_PARAMETER}}"}}, {"pk": 2, "model": "DataManager.imageenhancement", "fields": {"example_path": null, "script_path": "gaussian.sh", "name": "HighPass Filter", "parameters": "-k high -m 10"}}, {"pk": 3, "model": "DataManager.imageenhancement", "fields": {"example_path": null, "script_path": "lichtenstein.sh", "name": "Lichtenstein Burn", "parameters": "-d none -b 1"}}, {"pk": 4, "model": "DataManager.imageenhancement", "fields": {"example_path": null, "script_path": "lichtenstein.sh", "name": "Lichtenstein Cartoon", "parameters": "-d h6x6a"}}, {"pk": 5, "model": "DataManager.imageenhancement", "fields": {"example_path": null, "script_path": "sketch.sh", "name": "BW Sketch", "parameters": "-k desat -c 125 -g"}}, {"pk": 6, "model": "DataManager.imageenhancement", "fields": {"example_path": null, "script_path": "sketch.sh", "name": "Color Sketch", "parameters": "-k gray -c 125"}}, {"pk": 7, "model": "DataManager.imageenhancement", "fields": {"example_path": null, "script_path": "vignette2.sh", "name": "Rect Vignette", "parameters": "-a 25 -d 90 -s roundrectangle"}}, {"pk": 8, "model": "DataManager.imageenhancement", "fields": {"example_path": "", "script_path": "enrich.sh", "name": "Enrich", "parameters": " "}}, {"pk": 9, "model": "DataManager.imageenhancement", "fields": {"example_path": null, "script_path": "halo.sh", "name": "Rainbow", "parameters": "-r 100 -w 60 -m 25 -c 100,100"}}, {"pk": 10, "model": "DataManager.imageenhancement", "fields": {"example_path": null, "script_path": "coloration.sh", "name": "Purple", "parameters": "-h 300 -s 50 -l 0"}}, {"pk": 11, "model": "DataManager.imageenhancement", "fields": {"example_path": null, "script_path": "coloration.sh", "name": "Yellow", "parameters": "-h 60 -s 75 -l 0"}}, {"pk": 12, "model": "DataManager.imageenhancement", "fields": {"example_path": null, "script_path": "coloration.sh", "name": "Red", "parameters": "-s 50 -l 0 -h 0"}}, {"pk": 1, "model": "DataManager.enhancementgroup", "fields": {"enhancement_functions": "2,12", "applicable_to": 0, "name": "70s hipass red", "post_enhancement": false}}, {"pk": 2, "model": "DataManager.enhancementgroup", "fields": {"enhancement_functions": "8,4", "applicable_to": 1, "name": "70s cartoon", "post_enhancement": false}}, {"pk": 3, "model": "DataManager.enhancementgroup", "fields": {"enhancement_functions": "2,11", "applicable_to": 0, "name": "70s hipass yellow", "post_enhancement": false}}, {"pk": 4, "model": "DataManager.enhancementgroup", "fields": {"enhancement_functions": "2,10", "applicable_to": 0, "name": "70s hipass purple", "post_enhancement": false}}, {"pk": 5, "model": "DataManager.enhancementgroup", "fields": {"enhancement_functions": "8,7", "applicable_to": 0, "name": "70s enrich vignette", "post_enhancement": false}}, {"pk": 6, "model": "DataManager.enhancementgroup", "fields": {"enhancement_functions": "8,9", "applicable_to": 0, "name": "70s rainbow", "post_enhancement": false}}, {"pk": 7, "model": "DataManager.enhancementgroup", "fields": {"enhancement_functions": "3", "applicable_to": 0, "name": "70s Lichtenstein", "post_enhancement": false}}, {"pk": 8, "model": "DataManager.enhancementgroup", "fields": {"enhancement_functions": "10,9", "applicable_to": 0, "name": "70s rainbow purple", "post_enhancement": false}}, {"pk": 9, "model": "DataManager.enhancementgroup", "fields": {"enhancement_functions": "5,11", "applicable_to": 0, "name": "70s bw yellow", "post_enhancement": false}}, {"pk": 10, "model": "DataManager.enhancementgroup", "fields": {"enhancement_functions": "3", "applicable_to": 0, "name": "70s burn", "post_enhancement": false}}, {"pk": 1, "model": "DataManager.theme", "fields": {"name": "70s", "enhancement_groups": [1, 2, 3, 4, 5, 6, 7, 8, 9, 10]}}, {"pk": 1, "model": "DataManager.themedata", "fields": {"theme": 1, "data_path": "70s/frame/frame1.png", "type": 1, "parameters": "+30 +30"}}, {"pk": 2, "model": "DataManager.themedata", "fields": {"theme": 1, "data_path": "70s/stubphoto/duran.png", "type": 2, "parameters": ""}}, {"pk": 3, "model": "DataManager.themedata", "fields": {"theme": 1, "data_path": "70s/stubphoto/sabri.png", "type": 2, "parameters": ""}}, {"pk": 4, "model": "DataManager.themedata", "fields": {"theme": 1, "data_path": "70s/stubphoto/lips.png", "type": 2, "parameters": ""}}, {"pk": 5, "model": "DataManager.themedata", "fields": {"theme": 1, "data_path": "70s/frame/rainbow-frame.png", "type": 1, "parameters": "+0 +0"}}, {"pk": 6, "model": "DataManager.themedata", "fields": {"theme": 1, "data_path": "70s/stubphoto/red-car.png", "type": 2, "parameters": ""}}, {"pk": 7, "model": "DataManager.themedata", "fields": {"theme": 1, "data_path": "70s/stubphoto/retro-text.png", "type": 2, "parameters": ""}}, {"pk": 8, "model": "DataManager.themedata", "fields": {"theme": 1, "data_path": "70s/frame/ugly.png", "type": 1, "parameters": "+10 +10"}}, {"pk": 9, "model": "DataManager.themedata", "fields": {"theme": 1, "data_path": "70s/stubphoto/kermit.png", "type": 2, "parameters": ""}}, {"pk": 10, "model": "DataManager.themedata", "fields": {"theme": 1, "data_path": "70s/stubphoto/lava.png", "type": 2, "parameters": ""}}, {"pk": 11, "model": "DataManager.themedata", "fields": {"theme": 1, "data_path": "70s/background/radio.jpg", "type": 0, "parameters": ""}}, {"pk": 12, "model": "DataManager.themedata", "fields": {"theme": 1, "data_path": "70s/background/retro.jpg", "type": 0, "parameters": ""}}, {"pk": 13, "model": "DataManager.themedata", "fields": {"theme": 1, "data_path": "70s/background/record.jpg", "type": 0, "parameters": ""}}, {"pk": 14, "model": "DataManager.themedata", "fields": {"theme": 1, "data_path": "70s/background/stripe.jpg", "type": 0, "parameters": ""}}, {"pk": 15, "model": "DataManager.themedata", "fields": {"theme": 1, "data_path": "70s/background/rainbow-car.jpg", "type": 0, "parameters": ""}}, {"pk": 16, "model": "DataManager.themedata", "fields": {"theme": 1, "data_path": "70s/background/cloud-rainbow.jpg", "type": 0, "parameters": ""}}, {"pk": 17, "model": "DataManager.themedata", "fields": {"theme": 1, "data_path": "http://a308.phobos.apple.com/us/r1000/075/Music/80/00/66/mzm.eqatqcau.aac.p.m4a", "type": 4, "parameters": ""}}, {"pk": 18, "model": "DataManager.themedata", "fields": {"theme": 1, "data_path": "70s/stubphoto/stormtrooper.png", "type": 2, "parameters": ""}}, {"pk": 19, "model": "DataManager.themedata", "fields": {"theme": 1, "data_path": "70s/stubphoto/laser.png", "type": 2, "parameters": ""}}, {"pk": 20, "model": "DataManager.themedata", "fields": {"theme": 1, "data_path": "70s/stubphoto/atat.png", "type": 2, "parameters": ""}}, {"pk": 21, "model": "DataManager.themedata", "fields": {"theme": 1, "data_path": "70s/stubphoto/r2d2.png", "type": 2, "parameters": ""}}, {"pk": 22, "model": "DataManager.themedata", "fields": {"theme": 1, "data_path": "70s/stubphoto/laser2.png", "type": 2, "parameters": ""}}, {"pk": 1, "model": "DataManager.scenario", "fields": {"name": "70s main", "compatible_themes": [1]}}, {"pk": 1, "model": "DataManager.animationgroup", "fields": {"name": "flying kick", "scenario": 1, "needed_location": 0, "needed_bg": 0, "needed_status": 0, "duration": 1, "needed_music": 0, "type": 3, "needed_photo": 0}}, {"pk": 2, "model": "DataManager.animationgroup", "fields": {"name": "car right-to-left", "scenario": 1, "needed_location": 0, "needed_bg": 0, "needed_status": 0, "duration": 1, "needed_music": 0, "type": 3, "needed_photo": 0}}, {"pk": 3, "model": "DataManager.animationgroup", "fields": {"name": "bg-left", "scenario": 1, "needed_location": 0, "needed_bg": 0, "needed_status": 0, "duration": 2, "needed_music": 0, "type": 0, "needed_photo": 0}}, {"pk": 5, "model": "DataManager.animationgroup", "fields": {"name": "Click Move Left Fast", "scenario": null, "needed_location": 0, "needed_bg": 0, "needed_status": 0, "duration": 1, "needed_music": 0, "type": 3, "needed_photo": 0}}, {"pk": 6, "model": "DataManager.animationgroup", "fields": {"name": "70s Photo Pop", "scenario": 1, "needed_location": 0, "needed_bg": 0, "needed_status": 0, "duration": 1, "needed_music": 0, "type": 3, "needed_photo": 3}}, {"pk": 7, "model": "DataManager.animationgroup", "fields": {"name": "70s enter from sides", "scenario": 1, "needed_location": 0, "needed_bg": 0, "needed_status": 0, "duration": 100, "needed_music": 0, "type": 3, "needed_photo": 3}}, {"pk": 8, "model": "DataManager.animationgroup", "fields": {"name": "Hover scale 1.2", "scenario": null, "needed_location": 0, "needed_bg": 0, "needed_status": 0, "duration": 1, "needed_music": 0, "type": 3, "needed_photo": 0}}, {"pk": 9, "model": "DataManager.animationgroup", "fields": {"name": "Yomoho", "scenario": 1, "needed_location": 0, "needed_bg": 0, "needed_status": 0, "duration": 1, "needed_music": 0, "type": 3, "needed_photo": 3}}, {"pk": 10, "model": "DataManager.animationgroup", "fields": {"name": "20s Music Animation", "scenario": 1, "needed_location": 0, "needed_bg": 0, "needed_status": 0, "duration": 2, "needed_music": 0, "type": 1, "needed_photo": 0}}, {"pk": 11, "model": "DataManager.animationgroup", "fields": {"name": "vintage", "scenario": 1, "needed_location": 0, "needed_bg": 0, "needed_status": 0, "duration": 1, "needed_music": 0, "type": 3, "needed_photo": 3}}, {"pk": 12, "model": "DataManager.animationgroup", "fields": {"name": "Bubbles", "scenario": 1, "needed_location": 0, "needed_bg": 0, "needed_status": 0, "duration": 2, "needed_music": 0, "type": 3, "needed_photo": 4}}, {"pk": 13, "model": "DataManager.animationgroup", "fields": {"name": "stormtrooper", "scenario": 1, "needed_location": 0, "needed_bg": 0, "needed_status": 0, "duration": 1, "needed_music": 0, "type": 3, "needed_photo": 0}}, {"pk": 14, "model": "DataManager.animationgroup", "fields": {"name": "stormtrooper click fire", "scenario": null, "needed_location": 0, "needed_bg": 0, "needed_status": 0, "duration": 1, "needed_music": 0, "type": 3, "needed_photo": 0}}, {"pk": 15, "model": "DataManager.animationgroup", "fields": {"name": "r2d2", "scenario": 1, "needed_location": 0, "needed_bg": 0, "needed_status": 0, "duration": 1, "needed_music": 0, "type": 3, "needed_photo": 0}}, {"pk": 1, "model": "DataManager.userinteractionanimationgroup", "fields": {"disable_further_interaction": false, "stop_current_animation": true, "name": "fast left", "clear_further_animations": false, "animations": 5}}, {"pk": 2, "model": "DataManager.userinteractionanimationgroup", "fields": {"disable_further_interaction": true, "stop_current_animation": false, "name": "scale 1.2", "clear_further_animations": false, "animations": 8}}, {"pk": 3, "model": "DataManager.userinteractionanimationgroup", "fields": {"disable_further_interaction": false, "stop_current_animation": false, "name": "fire!", "clear_further_animations": false, "animations": 14}}, {"pk": 1, "model": "DataManager.animationplaystat", "fields": {"date": "2013-02-04T12:23:48.426Z", "momend": 2, "interaction": null, "user": 1, "redirect_url": "http://test.momends.com:8000/home/"}}, {"pk": 2, "model": "DataManager.animationplaystat", "fields": {"date": "2013-02-04T12:26:23.942Z", "momend": 2, "interaction": null, "user": 1, "redirect_url": "http://test.momends.com:8000/home/"}}, {"pk": 3, "model": "DataManager.animationplaystat", "fields": {"date": "2013-02-04T13:50:20.234Z", "momend": 3, "interaction": null, "user": 1, "redirect_url": "http://test.momends.com:8000/home/"}}, {"pk": 4, "model": "DataManager.animationplaystat", "fields": {"date": "2013-02-04T13:53:56.317Z", "momend": 3, "interaction": null, "user": 1, "redirect_url": "http://test.momends.com:8000/home/"}}, {"pk": 5, "model": "DataManager.animationplaystat", "fields": {"date": "2013-02-04T13:56:49.386Z", "momend": 4, "interaction": null, "user": 1, "redirect_url": "http://test.momends.com:8000/home/"}}, {"pk": 6, "model": "DataManager.animationplaystat", "fields": {"date": "2013-02-04T13:58:44.815Z", "momend": 5, "interaction": null, "user": 1, "redirect_url": "http://test.momends.com:8000/home/"}}, {"pk": 7, "model": "DataManager.animationplaystat", "fields": {"date": "2013-02-04T14:04:34.775Z", "momend": 6, "interaction": null, "user": 1, "redirect_url": "http://test.momends.com:8000/home/"}}, {"pk": 8, "model": "DataManager.animationplaystat", "fields": {"date": "2013-02-04T14:11:08.301Z", "momend": 7, "interaction": null, "user": 1, "redirect_url": "http://test.momends.com:8000/home/"}}, {"pk": 9, "model": "DataManager.animationplaystat", "fields": {"date": "2013-02-04T14:13:59.446Z", "momend": 7, "interaction": null, "user": 1, "redirect_url": "http://test.momends.com:8000/home/"}}, {"pk": 10, "model": "DataManager.animationplaystat", "fields": {"date": "2013-02-04T14:21:08.633Z", "momend": 7, "interaction": null, "user": 1, "redirect_url": "Direct"}}, {"pk": 11, "model": "DataManager.animationplaystat", "fields": {"date": "2013-02-04T14:21:31.279Z", "momend": 7, "interaction": null, "user": 1, "redirect_url": "Direct"}}, {"pk": 12, "model": "DataManager.animationplaystat", "fields": {"date": "2013-02-04T14:22:50.223Z", "momend": 7, "interaction": null, "user": 1, "redirect_url": "Direct"}}, {"pk": 13, "model": "DataManager.animationplaystat", "fields": {"date": "2013-02-04T14:23:26.524Z", "momend": null, "interaction": 1, "user": 1, "redirect_url": "http://test.momends.com:8000/show/m/7/"}}, {"pk": 14, "model": "DataManager.animationplaystat", "fields": {"date": "2013-02-04T14:30:22.642Z", "momend": 8, "interaction": null, "user": 1, "redirect_url": "http://test.momends.com:8000/home/"}}, {"pk": 15, "model": "DataManager.animationplaystat", "fields": {"date": "2013-02-04T14:32:33.812Z", "momend": 8, "interaction": null, "user": 1, "redirect_url": "http://test.momends.com:8000/home/"}}, {"pk": 16, "model": "DataManager.animationplaystat", "fields": {"date": "2013-02-04T14:33:27.117Z", "momend": 8, "interaction": null, "user": 1, "redirect_url": "http://test.momends.com:8000/home/"}}, {"pk": 17, "model": "DataManager.animationplaystat", "fields": {"date": "2013-02-04T15:57:58.117Z", "momend": 9, "interaction": null, "user": 1, "redirect_url": "http://test.momends.com:8000/home/"}}, {"pk": 18, "model": "DataManager.animationplaystat", "fields": {"date": "2013-02-04T16:00:54.273Z", "momend": 10, "interaction": null, "user": 1, "redirect_url": "http://test.momends.com:8000/home/"}}, {"pk": 19, "model": "DataManager.animationplaystat", "fields": {"date": "2013-02-04T16:02:17.639Z", "momend": 11, "interaction": null, "user": 1, "redirect_url": "http://test.momends.com:8000/home/"}}, {"pk": 1, "model": "DataManager.userinteraction", "fields": {"date": "2013-02-04T14:23:25.117Z", "momend": 7, "interaction": "[{\"animation\":{\"type\":\"sleep\",\"duration\":16588}},{\"animation\":{\"type\":\"click\",\"object\":\"#stub-image116\"}},{\"animation\":{\"type\":\"sleep\",\"duration\":460}},{\"animation\":{\"type\":\"click\",\"object\":\"#stub-image114\"}},{\"animation\":{\"type\":\"sleep\",\"duration\":452}},{\"animation\":{\"type\":\"click\",\"object\":\"#stub-image116\"}},{\"animation\":{\"type\":\"sleep\",\"duration\":403}},{\"animation\":{\"type\":\"click\",\"object\":\"#stub-image114\"}},{\"animation\":{\"type\":\"sleep\",\"duration\":1000}},{\"animation\":{\"type\":\"click\",\"object\":\"#stub-image116\"}},{\"animation\":{\"type\":\"sleep\",\"duration\":485}},{\"animation\":{\"type\":\"click\",\"object\":\"#stub-image114\"}},{\"animation\":{\"type\":\"sleep\",\"duration\":385}},{\"animation\":{\"type\":\"click\",\"object\":\"#stub-image116\"}},{\"animation\":{\"type\":\"sleep\",\"duration\":435}},{\"animation\":{\"type\":\"click\",\"object\":\"#stub-image114\"}},{\"animation\":{\"type\":\"sleep\",\"duration\":416}},{\"animation\":{\"type\":\"click\",\"object\":\"#stub-image116\"}},{\"animation\":{\"type\":\"sleep\",\"duration\":436}},{\"animation\":{\"type\":\"click\",\"object\":\"#stub-image114\"}},{\"animation\":{\"type\":\"sleep\",\"duration\":559}},{\"animation\":{\"type\":\"click\",\"object\":\"#stub-image116\"}},{\"animation\":{\"type\":\"sleep\",\"duration\":626}},{\"animation\":{\"type\":\"click\",\"object\":\"#stub-image116\"}},{\"animation\":{\"type\":\"sleep\",\"duration\":303}},{\"animation\":{\"type\":\"click\",\"object\":\"#stub-image114\"}}]", "creator": 1}}]